Experiment,MisionID,Mision,Arenatype,Arenasize,NumRobots,Time,Performance
1,2,Aggregation,Triangular,pequena,5,240 Seg,5
1,2,Aggregation,Triangular,pequena,5,240 Seg,5
1,2,Aggregation,Triangular,pequena,5,240 Seg,5
1,2,Aggregation,Triangular,pequena,5,240 Seg,5
1,2,Aggregation,Triangular,pequena,5,240 Seg,5
1,2,Aggregation,Triangular,pequena,5,240 Seg,5
1,2,Aggregation,Triangular,pequena,5,240 Seg,5
1,2,Aggregation,Triangular,pequena,5,240 Seg,5
1,2,Aggregation,Triangular,pequena,5,240 Seg,5
1,2,Aggregation,Triangular,pequena,5,240 Seg,5
2,2,Aggregation,Triangular,pequena,10,240 Seg,10
2,2,Aggregation,Triangular,pequena,10,240 Seg,10
2,2,Aggregation,Triangular,pequena,10,240 Seg,10
2,2,Aggregation,Triangular,pequena,10,240 Seg,10
2,2,Aggregation,Triangular,pequena,10,240 Seg,10
2,2,Aggregation,Triangular,pequena,10,240 Seg,10
2,2,Aggregation,Triangular,pequena,10,240 Seg,10
2,2,Aggregation,Triangular,pequena,10,240 Seg,10
2,2,Aggregation,Triangular,pequena,10,240 Seg,10
2,2,Aggregation,Triangular,pequena,10,240 Seg,10
3,2,Aggregation,Triangular,pequena,20,240 Seg,19
3,2,Aggregation,Triangular,pequena,20,240 Seg,19
3,2,Aggregation,Triangular,pequena,20,240 Seg,19
3,2,Aggregation,Triangular,pequena,20,240 Seg,19
3,2,Aggregation,Triangular,pequena,20,240 Seg,19
3,2,Aggregation,Triangular,pequena,20,240 Seg,19
3,2,Aggregation,Triangular,pequena,20,240 Seg,19
3,2,Aggregation,Triangular,pequena,20,240 Seg,19
3,2,Aggregation,Triangular,pequena,20,240 Seg,19
3,2,Aggregation,Triangular,pequena,20,240 Seg,19
4,2,Aggregation,Triangular,pequena,30,240 Seg,22
4,2,Aggregation,Triangular,pequena,30,240 Seg,22
4,2,Aggregation,Triangular,pequena,30,240 Seg,22
4,2,Aggregation,Triangular,pequena,30,240 Seg,22
4,2,Aggregation,Triangular,pequena,30,240 Seg,22
4,2,Aggregation,Triangular,pequena,30,240 Seg,22
4,2,Aggregation,Triangular,pequena,30,240 Seg,22
4,2,Aggregation,Triangular,pequena,30,240 Seg,22
4,2,Aggregation,Triangular,pequena,30,240 Seg,22
4,2,Aggregation,Triangular,pequena,30,240 Seg,22
5,2,Aggregation,Triangular,pequena,40,240 Seg,22
5,2,Aggregation,Triangular,pequena,40,240 Seg,22
5,2,Aggregation,Triangular,pequena,40,240 Seg,22
5,2,Aggregation,Triangular,pequena,40,240 Seg,22
5,2,Aggregation,Triangular,pequena,40,240 Seg,22
5,2,Aggregation,Triangular,pequena,40,240 Seg,22
5,2,Aggregation,Triangular,pequena,40,240 Seg,22
5,2,Aggregation,Triangular,pequena,40,240 Seg,22
5,2,Aggregation,Triangular,pequena,40,240 Seg,22
5,2,Aggregation,Triangular,pequena,40,240 Seg,22
6,2,Aggregation,Triangular,pequena,50,240 Seg,27
6,2,Aggregation,Triangular,pequena,50,240 Seg,27
6,2,Aggregation,Triangular,pequena,50,240 Seg,27
6,2,Aggregation,Triangular,pequena,50,240 Seg,27
6,2,Aggregation,Triangular,pequena,50,240 Seg,27
6,2,Aggregation,Triangular,pequena,50,240 Seg,27
6,2,Aggregation,Triangular,pequena,50,240 Seg,27
6,2,Aggregation,Triangular,pequena,50,240 Seg,27
6,2,Aggregation,Triangular,pequena,50,240 Seg,27
6,2,Aggregation,Triangular,pequena,50,240 Seg,27
7,2,Aggregation,Triangular,pequena,60,240 Seg,38
7,2,Aggregation,Triangular,pequena,60,240 Seg,38
7,2,Aggregation,Triangular,pequena,60,240 Seg,38
7,2,Aggregation,Triangular,pequena,60,240 Seg,38
7,2,Aggregation,Triangular,pequena,60,240 Seg,38
7,2,Aggregation,Triangular,pequena,60,240 Seg,38
7,2,Aggregation,Triangular,pequena,60,240 Seg,38
7,2,Aggregation,Triangular,pequena,60,240 Seg,38
7,2,Aggregation,Triangular,pequena,60,240 Seg,38
7,2,Aggregation,Triangular,pequena,60,240 Seg,38
8,2,Aggregation,Triangular,pequena,70,240 Seg,37
8,2,Aggregation,Triangular,pequena,70,240 Seg,37
8,2,Aggregation,Triangular,pequena,70,240 Seg,37
8,2,Aggregation,Triangular,pequena,70,240 Seg,37
8,2,Aggregation,Triangular,pequena,70,240 Seg,37
8,2,Aggregation,Triangular,pequena,70,240 Seg,37
8,2,Aggregation,Triangular,pequena,70,240 Seg,37
8,2,Aggregation,Triangular,pequena,70,240 Seg,37
8,2,Aggregation,Triangular,pequena,70,240 Seg,37
8,2,Aggregation,Triangular,pequena,70,240 Seg,37
9,2,Aggregation,Triangular,pequena,80,240 Seg,39
9,2,Aggregation,Triangular,pequena,80,240 Seg,39
9,2,Aggregation,Triangular,pequena,80,240 Seg,39
9,2,Aggregation,Triangular,pequena,80,240 Seg,39
9,2,Aggregation,Triangular,pequena,80,240 Seg,39
9,2,Aggregation,Triangular,pequena,80,240 Seg,39
9,2,Aggregation,Triangular,pequena,80,240 Seg,39
9,2,Aggregation,Triangular,pequena,80,240 Seg,39
9,2,Aggregation,Triangular,pequena,80,240 Seg,39
9,2,Aggregation,Triangular,pequena,80,240 Seg,39
10,2,Aggregation,Triangular,pequena,90,240 Seg,43
10,2,Aggregation,Triangular,pequena,90,240 Seg,43
10,2,Aggregation,Triangular,pequena,90,240 Seg,43
10,2,Aggregation,Triangular,pequena,90,240 Seg,43
10,2,Aggregation,Triangular,pequena,90,240 Seg,43
10,2,Aggregation,Triangular,pequena,90,240 Seg,43
10,2,Aggregation,Triangular,pequena,90,240 Seg,43
10,2,Aggregation,Triangular,pequena,90,240 Seg,43
10,2,Aggregation,Triangular,pequena,90,240 Seg,43
10,2,Aggregation,Triangular,pequena,90,240 Seg,43
1,2,Aggregation,Triangular,mediana,5,240 Seg,2
1,2,Aggregation,Triangular,mediana,5,240 Seg,2
1,2,Aggregation,Triangular,mediana,5,240 Seg,2
1,2,Aggregation,Triangular,mediana,5,240 Seg,2
1,2,Aggregation,Triangular,mediana,5,240 Seg,2
1,2,Aggregation,Triangular,mediana,5,240 Seg,2
1,2,Aggregation,Triangular,mediana,5,240 Seg,2
1,2,Aggregation,Triangular,mediana,5,240 Seg,2
1,2,Aggregation,Triangular,mediana,5,240 Seg,2
1,2,Aggregation,Triangular,mediana,5,240 Seg,2
2,2,Aggregation,Triangular,mediana,10,240 Seg,5
2,2,Aggregation,Triangular,mediana,10,240 Seg,5
2,2,Aggregation,Triangular,mediana,10,240 Seg,5
2,2,Aggregation,Triangular,mediana,10,240 Seg,5
2,2,Aggregation,Triangular,mediana,10,240 Seg,5
2,2,Aggregation,Triangular,mediana,10,240 Seg,5
2,2,Aggregation,Triangular,mediana,10,240 Seg,5
2,2,Aggregation,Triangular,mediana,10,240 Seg,5
2,2,Aggregation,Triangular,mediana,10,240 Seg,5
2,2,Aggregation,Triangular,mediana,10,240 Seg,5
3,2,Aggregation,Triangular,mediana,20,240 Seg,12
3,2,Aggregation,Triangular,mediana,20,240 Seg,12
3,2,Aggregation,Triangular,mediana,20,240 Seg,12
3,2,Aggregation,Triangular,mediana,20,240 Seg,12
3,2,Aggregation,Triangular,mediana,20,240 Seg,12
3,2,Aggregation,Triangular,mediana,20,240 Seg,12
3,2,Aggregation,Triangular,mediana,20,240 Seg,12
3,2,Aggregation,Triangular,mediana,20,240 Seg,12
3,2,Aggregation,Triangular,mediana,20,240 Seg,12
3,2,Aggregation,Triangular,mediana,20,240 Seg,12
4,2,Aggregation,Triangular,mediana,30,240 Seg,15
4,2,Aggregation,Triangular,mediana,30,240 Seg,15
4,2,Aggregation,Triangular,mediana,30,240 Seg,15
4,2,Aggregation,Triangular,mediana,30,240 Seg,15
4,2,Aggregation,Triangular,mediana,30,240 Seg,15
4,2,Aggregation,Triangular,mediana,30,240 Seg,15
4,2,Aggregation,Triangular,mediana,30,240 Seg,15
4,2,Aggregation,Triangular,mediana,30,240 Seg,15
4,2,Aggregation,Triangular,mediana,30,240 Seg,15
4,2,Aggregation,Triangular,mediana,30,240 Seg,15
5,2,Aggregation,Triangular,mediana,40,240 Seg,12
5,2,Aggregation,Triangular,mediana,40,240 Seg,12
5,2,Aggregation,Triangular,mediana,40,240 Seg,12
5,2,Aggregation,Triangular,mediana,40,240 Seg,12
5,2,Aggregation,Triangular,mediana,40,240 Seg,12
5,2,Aggregation,Triangular,mediana,40,240 Seg,12
5,2,Aggregation,Triangular,mediana,40,240 Seg,12
5,2,Aggregation,Triangular,mediana,40,240 Seg,12
5,2,Aggregation,Triangular,mediana,40,240 Seg,12
5,2,Aggregation,Triangular,mediana,40,240 Seg,12
6,2,Aggregation,Triangular,mediana,50,240 Seg,18
6,2,Aggregation,Triangular,mediana,50,240 Seg,18
6,2,Aggregation,Triangular,mediana,50,240 Seg,18
6,2,Aggregation,Triangular,mediana,50,240 Seg,18
6,2,Aggregation,Triangular,mediana,50,240 Seg,18
6,2,Aggregation,Triangular,mediana,50,240 Seg,18
6,2,Aggregation,Triangular,mediana,50,240 Seg,18
6,2,Aggregation,Triangular,mediana,50,240 Seg,18
6,2,Aggregation,Triangular,mediana,50,240 Seg,18
6,2,Aggregation,Triangular,mediana,50,240 Seg,18
7,2,Aggregation,Triangular,mediana,60,240 Seg,21
7,2,Aggregation,Triangular,mediana,60,240 Seg,21
7,2,Aggregation,Triangular,mediana,60,240 Seg,21
7,2,Aggregation,Triangular,mediana,60,240 Seg,21
7,2,Aggregation,Triangular,mediana,60,240 Seg,21
7,2,Aggregation,Triangular,mediana,60,240 Seg,21
7,2,Aggregation,Triangular,mediana,60,240 Seg,21
7,2,Aggregation,Triangular,mediana,60,240 Seg,21
7,2,Aggregation,Triangular,mediana,60,240 Seg,21
7,2,Aggregation,Triangular,mediana,60,240 Seg,21
8,2,Aggregation,Triangular,mediana,70,240 Seg,20
8,2,Aggregation,Triangular,mediana,70,240 Seg,20
8,2,Aggregation,Triangular,mediana,70,240 Seg,20
8,2,Aggregation,Triangular,mediana,70,240 Seg,20
8,2,Aggregation,Triangular,mediana,70,240 Seg,20
8,2,Aggregation,Triangular,mediana,70,240 Seg,20
8,2,Aggregation,Triangular,mediana,70,240 Seg,20
8,2,Aggregation,Triangular,mediana,70,240 Seg,20
8,2,Aggregation,Triangular,mediana,70,240 Seg,20
8,2,Aggregation,Triangular,mediana,70,240 Seg,20
9,2,Aggregation,Triangular,mediana,80,240 Seg,20
9,2,Aggregation,Triangular,mediana,80,240 Seg,20
9,2,Aggregation,Triangular,mediana,80,240 Seg,20
9,2,Aggregation,Triangular,mediana,80,240 Seg,20
9,2,Aggregation,Triangular,mediana,80,240 Seg,20
9,2,Aggregation,Triangular,mediana,80,240 Seg,20
9,2,Aggregation,Triangular,mediana,80,240 Seg,20
9,2,Aggregation,Triangular,mediana,80,240 Seg,20
9,2,Aggregation,Triangular,mediana,80,240 Seg,20
9,2,Aggregation,Triangular,mediana,80,240 Seg,20
10,2,Aggregation,Triangular,mediana,90,240 Seg,20
10,2,Aggregation,Triangular,mediana,90,240 Seg,20
10,2,Aggregation,Triangular,mediana,90,240 Seg,20
10,2,Aggregation,Triangular,mediana,90,240 Seg,20
10,2,Aggregation,Triangular,mediana,90,240 Seg,20
10,2,Aggregation,Triangular,mediana,90,240 Seg,20
10,2,Aggregation,Triangular,mediana,90,240 Seg,20
10,2,Aggregation,Triangular,mediana,90,240 Seg,20
10,2,Aggregation,Triangular,mediana,90,240 Seg,20
10,2,Aggregation,Triangular,mediana,90,240 Seg,20
11,2,Aggregation,Triangular,mediana,100,240 Seg,22
11,2,Aggregation,Triangular,mediana,100,240 Seg,22
11,2,Aggregation,Triangular,mediana,100,240 Seg,22
11,2,Aggregation,Triangular,mediana,100,240 Seg,22
11,2,Aggregation,Triangular,mediana,100,240 Seg,22
11,2,Aggregation,Triangular,mediana,100,240 Seg,22
11,2,Aggregation,Triangular,mediana,100,240 Seg,22
11,2,Aggregation,Triangular,mediana,100,240 Seg,22
11,2,Aggregation,Triangular,mediana,100,240 Seg,22
11,2,Aggregation,Triangular,mediana,100,240 Seg,22
1,2,Aggregation,Triangular,grande,5,240 Seg,4
1,2,Aggregation,Triangular,grande,5,240 Seg,4
1,2,Aggregation,Triangular,grande,5,240 Seg,4
1,2,Aggregation,Triangular,grande,5,240 Seg,4
1,2,Aggregation,Triangular,grande,5,240 Seg,4
1,2,Aggregation,Triangular,grande,5,240 Seg,4
1,2,Aggregation,Triangular,grande,5,240 Seg,4
1,2,Aggregation,Triangular,grande,5,240 Seg,4
1,2,Aggregation,Triangular,grande,5,240 Seg,4
1,2,Aggregation,Triangular,grande,5,240 Seg,4
2,2,Aggregation,Triangular,grande,10,240 Seg,3
2,2,Aggregation,Triangular,grande,10,240 Seg,3
2,2,Aggregation,Triangular,grande,10,240 Seg,3
2,2,Aggregation,Triangular,grande,10,240 Seg,3
2,2,Aggregation,Triangular,grande,10,240 Seg,3
2,2,Aggregation,Triangular,grande,10,240 Seg,3
2,2,Aggregation,Triangular,grande,10,240 Seg,3
2,2,Aggregation,Triangular,grande,10,240 Seg,3
2,2,Aggregation,Triangular,grande,10,240 Seg,3
2,2,Aggregation,Triangular,grande,10,240 Seg,3
3,2,Aggregation,Triangular,grande,20,240 Seg,8
3,2,Aggregation,Triangular,grande,20,240 Seg,8
3,2,Aggregation,Triangular,grande,20,240 Seg,8
3,2,Aggregation,Triangular,grande,20,240 Seg,8
3,2,Aggregation,Triangular,grande,20,240 Seg,8
3,2,Aggregation,Triangular,grande,20,240 Seg,8
3,2,Aggregation,Triangular,grande,20,240 Seg,8
3,2,Aggregation,Triangular,grande,20,240 Seg,8
3,2,Aggregation,Triangular,grande,20,240 Seg,8
3,2,Aggregation,Triangular,grande,20,240 Seg,8
4,2,Aggregation,Triangular,grande,30,240 Seg,12
4,2,Aggregation,Triangular,grande,30,240 Seg,12
4,2,Aggregation,Triangular,grande,30,240 Seg,12
4,2,Aggregation,Triangular,grande,30,240 Seg,12
4,2,Aggregation,Triangular,grande,30,240 Seg,12
4,2,Aggregation,Triangular,grande,30,240 Seg,12
4,2,Aggregation,Triangular,grande,30,240 Seg,12
4,2,Aggregation,Triangular,grande,30,240 Seg,12
4,2,Aggregation,Triangular,grande,30,240 Seg,12
4,2,Aggregation,Triangular,grande,30,240 Seg,12
5,2,Aggregation,Triangular,grande,40,240 Seg,13
5,2,Aggregation,Triangular,grande,40,240 Seg,13
5,2,Aggregation,Triangular,grande,40,240 Seg,13
5,2,Aggregation,Triangular,grande,40,240 Seg,13
5,2,Aggregation,Triangular,grande,40,240 Seg,13
5,2,Aggregation,Triangular,grande,40,240 Seg,13
5,2,Aggregation,Triangular,grande,40,240 Seg,13
5,2,Aggregation,Triangular,grande,40,240 Seg,13
5,2,Aggregation,Triangular,grande,40,240 Seg,13
5,2,Aggregation,Triangular,grande,40,240 Seg,13
6,2,Aggregation,Triangular,grande,50,240 Seg,18
6,2,Aggregation,Triangular,grande,50,240 Seg,18
6,2,Aggregation,Triangular,grande,50,240 Seg,18
6,2,Aggregation,Triangular,grande,50,240 Seg,18
6,2,Aggregation,Triangular,grande,50,240 Seg,18
6,2,Aggregation,Triangular,grande,50,240 Seg,18
6,2,Aggregation,Triangular,grande,50,240 Seg,18
6,2,Aggregation,Triangular,grande,50,240 Seg,18
6,2,Aggregation,Triangular,grande,50,240 Seg,18
6,2,Aggregation,Triangular,grande,50,240 Seg,18
7,2,Aggregation,Triangular,grande,60,240 Seg,18
7,2,Aggregation,Triangular,grande,60,240 Seg,18
7,2,Aggregation,Triangular,grande,60,240 Seg,18
7,2,Aggregation,Triangular,grande,60,240 Seg,18
7,2,Aggregation,Triangular,grande,60,240 Seg,18
7,2,Aggregation,Triangular,grande,60,240 Seg,18
7,2,Aggregation,Triangular,grande,60,240 Seg,18
7,2,Aggregation,Triangular,grande,60,240 Seg,18
7,2,Aggregation,Triangular,grande,60,240 Seg,18
7,2,Aggregation,Triangular,grande,60,240 Seg,18
8,2,Aggregation,Triangular,grande,70,240 Seg,17
8,2,Aggregation,Triangular,grande,70,240 Seg,17
8,2,Aggregation,Triangular,grande,70,240 Seg,17
8,2,Aggregation,Triangular,grande,70,240 Seg,17
8,2,Aggregation,Triangular,grande,70,240 Seg,17
8,2,Aggregation,Triangular,grande,70,240 Seg,17
8,2,Aggregation,Triangular,grande,70,240 Seg,17
8,2,Aggregation,Triangular,grande,70,240 Seg,17
8,2,Aggregation,Triangular,grande,70,240 Seg,17
8,2,Aggregation,Triangular,grande,70,240 Seg,17
9,2,Aggregation,Triangular,grande,80,240 Seg,17
9,2,Aggregation,Triangular,grande,80,240 Seg,17
9,2,Aggregation,Triangular,grande,80,240 Seg,17
9,2,Aggregation,Triangular,grande,80,240 Seg,17
9,2,Aggregation,Triangular,grande,80,240 Seg,17
9,2,Aggregation,Triangular,grande,80,240 Seg,17
9,2,Aggregation,Triangular,grande,80,240 Seg,17
9,2,Aggregation,Triangular,grande,80,240 Seg,17
9,2,Aggregation,Triangular,grande,80,240 Seg,17
9,2,Aggregation,Triangular,grande,80,240 Seg,17
10,2,Aggregation,Triangular,grande,90,240 Seg,17
10,2,Aggregation,Triangular,grande,90,240 Seg,17
10,2,Aggregation,Triangular,grande,90,240 Seg,17
10,2,Aggregation,Triangular,grande,90,240 Seg,17
10,2,Aggregation,Triangular,grande,90,240 Seg,17
10,2,Aggregation,Triangular,grande,90,240 Seg,17
10,2,Aggregation,Triangular,grande,90,240 Seg,17
10,2,Aggregation,Triangular,grande,90,240 Seg,17
10,2,Aggregation,Triangular,grande,90,240 Seg,17
10,2,Aggregation,Triangular,grande,90,240 Seg,17
11,2,Aggregation,Triangular,grande,100,240 Seg,20
11,2,Aggregation,Triangular,grande,100,240 Seg,20
11,2,Aggregation,Triangular,grande,100,240 Seg,20
11,2,Aggregation,Triangular,grande,100,240 Seg,20
11,2,Aggregation,Triangular,grande,100,240 Seg,20
11,2,Aggregation,Triangular,grande,100,240 Seg,20
11,2,Aggregation,Triangular,grande,100,240 Seg,20
11,2,Aggregation,Triangular,grande,100,240 Seg,20
11,2,Aggregation,Triangular,grande,100,240 Seg,20
11,2,Aggregation,Triangular,grande,100,240 Seg,20
1,2,Aggregation,Cuadrada,pequena,5,240 Seg,5
1,2,Aggregation,Cuadrada,pequena,5,240 Seg,5
1,2,Aggregation,Cuadrada,pequena,5,240 Seg,5
1,2,Aggregation,Cuadrada,pequena,5,240 Seg,5
1,2,Aggregation,Cuadrada,pequena,5,240 Seg,5
1,2,Aggregation,Cuadrada,pequena,5,240 Seg,5
1,2,Aggregation,Cuadrada,pequena,5,240 Seg,5
1,2,Aggregation,Cuadrada,pequena,5,240 Seg,5
1,2,Aggregation,Cuadrada,pequena,5,240 Seg,5
1,2,Aggregation,Cuadrada,pequena,5,240 Seg,5
2,2,Aggregation,Cuadrada,pequena,10,240 Seg,8
2,2,Aggregation,Cuadrada,pequena,10,240 Seg,8
2,2,Aggregation,Cuadrada,pequena,10,240 Seg,8
2,2,Aggregation,Cuadrada,pequena,10,240 Seg,8
2,2,Aggregation,Cuadrada,pequena,10,240 Seg,8
2,2,Aggregation,Cuadrada,pequena,10,240 Seg,8
2,2,Aggregation,Cuadrada,pequena,10,240 Seg,8
2,2,Aggregation,Cuadrada,pequena,10,240 Seg,8
2,2,Aggregation,Cuadrada,pequena,10,240 Seg,8
2,2,Aggregation,Cuadrada,pequena,10,240 Seg,8
3,2,Aggregation,Cuadrada,pequena,20,240 Seg,10
3,2,Aggregation,Cuadrada,pequena,20,240 Seg,10
3,2,Aggregation,Cuadrada,pequena,20,240 Seg,10
3,2,Aggregation,Cuadrada,pequena,20,240 Seg,10
3,2,Aggregation,Cuadrada,pequena,20,240 Seg,10
3,2,Aggregation,Cuadrada,pequena,20,240 Seg,10
3,2,Aggregation,Cuadrada,pequena,20,240 Seg,10
3,2,Aggregation,Cuadrada,pequena,20,240 Seg,10
3,2,Aggregation,Cuadrada,pequena,20,240 Seg,10
3,2,Aggregation,Cuadrada,pequena,20,240 Seg,10
4,2,Aggregation,Cuadrada,pequena,30,240 Seg,25
4,2,Aggregation,Cuadrada,pequena,30,240 Seg,25
4,2,Aggregation,Cuadrada,pequena,30,240 Seg,25
4,2,Aggregation,Cuadrada,pequena,30,240 Seg,25
4,2,Aggregation,Cuadrada,pequena,30,240 Seg,25
4,2,Aggregation,Cuadrada,pequena,30,240 Seg,25
4,2,Aggregation,Cuadrada,pequena,30,240 Seg,25
4,2,Aggregation,Cuadrada,pequena,30,240 Seg,25
4,2,Aggregation,Cuadrada,pequena,30,240 Seg,25
4,2,Aggregation,Cuadrada,pequena,30,240 Seg,25
5,2,Aggregation,Cuadrada,pequena,40,240 Seg,12
5,2,Aggregation,Cuadrada,pequena,40,240 Seg,12
5,2,Aggregation,Cuadrada,pequena,40,240 Seg,12
5,2,Aggregation,Cuadrada,pequena,40,240 Seg,12
5,2,Aggregation,Cuadrada,pequena,40,240 Seg,12
5,2,Aggregation,Cuadrada,pequena,40,240 Seg,12
5,2,Aggregation,Cuadrada,pequena,40,240 Seg,12
5,2,Aggregation,Cuadrada,pequena,40,240 Seg,12
5,2,Aggregation,Cuadrada,pequena,40,240 Seg,12
5,2,Aggregation,Cuadrada,pequena,40,240 Seg,12
6,2,Aggregation,Cuadrada,pequena,50,240 Seg,7
6,2,Aggregation,Cuadrada,pequena,50,240 Seg,7
6,2,Aggregation,Cuadrada,pequena,50,240 Seg,7
6,2,Aggregation,Cuadrada,pequena,50,240 Seg,7
6,2,Aggregation,Cuadrada,pequena,50,240 Seg,7
6,2,Aggregation,Cuadrada,pequena,50,240 Seg,7
6,2,Aggregation,Cuadrada,pequena,50,240 Seg,7
6,2,Aggregation,Cuadrada,pequena,50,240 Seg,7
6,2,Aggregation,Cuadrada,pequena,50,240 Seg,7
6,2,Aggregation,Cuadrada,pequena,50,240 Seg,7
7,2,Aggregation,Cuadrada,pequena,60,240 Seg,23
7,2,Aggregation,Cuadrada,pequena,60,240 Seg,23
7,2,Aggregation,Cuadrada,pequena,60,240 Seg,23
7,2,Aggregation,Cuadrada,pequena,60,240 Seg,23
7,2,Aggregation,Cuadrada,pequena,60,240 Seg,23
7,2,Aggregation,Cuadrada,pequena,60,240 Seg,23
7,2,Aggregation,Cuadrada,pequena,60,240 Seg,23
7,2,Aggregation,Cuadrada,pequena,60,240 Seg,23
7,2,Aggregation,Cuadrada,pequena,60,240 Seg,23
7,2,Aggregation,Cuadrada,pequena,60,240 Seg,23
8,2,Aggregation,Cuadrada,pequena,70,240 Seg,17
8,2,Aggregation,Cuadrada,pequena,70,240 Seg,17
8,2,Aggregation,Cuadrada,pequena,70,240 Seg,17
8,2,Aggregation,Cuadrada,pequena,70,240 Seg,17
8,2,Aggregation,Cuadrada,pequena,70,240 Seg,17
8,2,Aggregation,Cuadrada,pequena,70,240 Seg,17
8,2,Aggregation,Cuadrada,pequena,70,240 Seg,17
8,2,Aggregation,Cuadrada,pequena,70,240 Seg,17
8,2,Aggregation,Cuadrada,pequena,70,240 Seg,17
8,2,Aggregation,Cuadrada,pequena,70,240 Seg,17
9,2,Aggregation,Cuadrada,pequena,80,240 Seg,19
9,2,Aggregation,Cuadrada,pequena,80,240 Seg,19
9,2,Aggregation,Cuadrada,pequena,80,240 Seg,19
9,2,Aggregation,Cuadrada,pequena,80,240 Seg,19
9,2,Aggregation,Cuadrada,pequena,80,240 Seg,19
9,2,Aggregation,Cuadrada,pequena,80,240 Seg,19
9,2,Aggregation,Cuadrada,pequena,80,240 Seg,19
9,2,Aggregation,Cuadrada,pequena,80,240 Seg,19
9,2,Aggregation,Cuadrada,pequena,80,240 Seg,19
9,2,Aggregation,Cuadrada,pequena,80,240 Seg,19
10,2,Aggregation,Cuadrada,pequena,90,240 Seg,16
10,2,Aggregation,Cuadrada,pequena,90,240 Seg,16
10,2,Aggregation,Cuadrada,pequena,90,240 Seg,16
10,2,Aggregation,Cuadrada,pequena,90,240 Seg,16
10,2,Aggregation,Cuadrada,pequena,90,240 Seg,16
10,2,Aggregation,Cuadrada,pequena,90,240 Seg,16
10,2,Aggregation,Cuadrada,pequena,90,240 Seg,16
10,2,Aggregation,Cuadrada,pequena,90,240 Seg,16
10,2,Aggregation,Cuadrada,pequena,90,240 Seg,16
10,2,Aggregation,Cuadrada,pequena,90,240 Seg,16
11,2,Aggregation,Cuadrada,pequena,100,240 Seg,35
11,2,Aggregation,Cuadrada,pequena,100,240 Seg,35
11,2,Aggregation,Cuadrada,pequena,100,240 Seg,35
11,2,Aggregation,Cuadrada,pequena,100,240 Seg,35
11,2,Aggregation,Cuadrada,pequena,100,240 Seg,35
11,2,Aggregation,Cuadrada,pequena,100,240 Seg,35
11,2,Aggregation,Cuadrada,pequena,100,240 Seg,35
11,2,Aggregation,Cuadrada,pequena,100,240 Seg,35
11,2,Aggregation,Cuadrada,pequena,100,240 Seg,35
11,2,Aggregation,Cuadrada,pequena,100,240 Seg,35
1,2,Aggregation,Cuadrada,mediana,5,240 Seg,4
1,2,Aggregation,Cuadrada,mediana,5,240 Seg,4
1,2,Aggregation,Cuadrada,mediana,5,240 Seg,4
1,2,Aggregation,Cuadrada,mediana,5,240 Seg,4
1,2,Aggregation,Cuadrada,mediana,5,240 Seg,4
1,2,Aggregation,Cuadrada,mediana,5,240 Seg,4
1,2,Aggregation,Cuadrada,mediana,5,240 Seg,4
1,2,Aggregation,Cuadrada,mediana,5,240 Seg,4
1,2,Aggregation,Cuadrada,mediana,5,240 Seg,4
1,2,Aggregation,Cuadrada,mediana,5,240 Seg,4
2,2,Aggregation,Cuadrada,mediana,10,240 Seg,5
2,2,Aggregation,Cuadrada,mediana,10,240 Seg,5
2,2,Aggregation,Cuadrada,mediana,10,240 Seg,5
2,2,Aggregation,Cuadrada,mediana,10,240 Seg,5
2,2,Aggregation,Cuadrada,mediana,10,240 Seg,5
2,2,Aggregation,Cuadrada,mediana,10,240 Seg,5
2,2,Aggregation,Cuadrada,mediana,10,240 Seg,5
2,2,Aggregation,Cuadrada,mediana,10,240 Seg,5
2,2,Aggregation,Cuadrada,mediana,10,240 Seg,5
2,2,Aggregation,Cuadrada,mediana,10,240 Seg,5
3,2,Aggregation,Cuadrada,mediana,20,240 Seg,11
3,2,Aggregation,Cuadrada,mediana,20,240 Seg,11
3,2,Aggregation,Cuadrada,mediana,20,240 Seg,11
3,2,Aggregation,Cuadrada,mediana,20,240 Seg,11
3,2,Aggregation,Cuadrada,mediana,20,240 Seg,11
3,2,Aggregation,Cuadrada,mediana,20,240 Seg,11
3,2,Aggregation,Cuadrada,mediana,20,240 Seg,11
3,2,Aggregation,Cuadrada,mediana,20,240 Seg,11
3,2,Aggregation,Cuadrada,mediana,20,240 Seg,11
3,2,Aggregation,Cuadrada,mediana,20,240 Seg,11
4,2,Aggregation,Cuadrada,mediana,30,240 Seg,11
4,2,Aggregation,Cuadrada,mediana,30,240 Seg,11
4,2,Aggregation,Cuadrada,mediana,30,240 Seg,11
4,2,Aggregation,Cuadrada,mediana,30,240 Seg,11
4,2,Aggregation,Cuadrada,mediana,30,240 Seg,11
4,2,Aggregation,Cuadrada,mediana,30,240 Seg,11
4,2,Aggregation,Cuadrada,mediana,30,240 Seg,11
4,2,Aggregation,Cuadrada,mediana,30,240 Seg,11
4,2,Aggregation,Cuadrada,mediana,30,240 Seg,11
4,2,Aggregation,Cuadrada,mediana,30,240 Seg,11
5,2,Aggregation,Cuadrada,mediana,40,240 Seg,13
5,2,Aggregation,Cuadrada,mediana,40,240 Seg,13
5,2,Aggregation,Cuadrada,mediana,40,240 Seg,13
5,2,Aggregation,Cuadrada,mediana,40,240 Seg,13
5,2,Aggregation,Cuadrada,mediana,40,240 Seg,13
5,2,Aggregation,Cuadrada,mediana,40,240 Seg,13
5,2,Aggregation,Cuadrada,mediana,40,240 Seg,13
5,2,Aggregation,Cuadrada,mediana,40,240 Seg,13
5,2,Aggregation,Cuadrada,mediana,40,240 Seg,13
5,2,Aggregation,Cuadrada,mediana,40,240 Seg,13
6,2,Aggregation,Cuadrada,mediana,50,240 Seg,19
6,2,Aggregation,Cuadrada,mediana,50,240 Seg,19
6,2,Aggregation,Cuadrada,mediana,50,240 Seg,19
6,2,Aggregation,Cuadrada,mediana,50,240 Seg,19
6,2,Aggregation,Cuadrada,mediana,50,240 Seg,19
6,2,Aggregation,Cuadrada,mediana,50,240 Seg,19
6,2,Aggregation,Cuadrada,mediana,50,240 Seg,19
6,2,Aggregation,Cuadrada,mediana,50,240 Seg,19
6,2,Aggregation,Cuadrada,mediana,50,240 Seg,19
6,2,Aggregation,Cuadrada,mediana,50,240 Seg,19
7,2,Aggregation,Cuadrada,mediana,60,240 Seg,14
7,2,Aggregation,Cuadrada,mediana,60,240 Seg,14
7,2,Aggregation,Cuadrada,mediana,60,240 Seg,14
7,2,Aggregation,Cuadrada,mediana,60,240 Seg,14
7,2,Aggregation,Cuadrada,mediana,60,240 Seg,14
7,2,Aggregation,Cuadrada,mediana,60,240 Seg,14
7,2,Aggregation,Cuadrada,mediana,60,240 Seg,14
7,2,Aggregation,Cuadrada,mediana,60,240 Seg,14
7,2,Aggregation,Cuadrada,mediana,60,240 Seg,14
7,2,Aggregation,Cuadrada,mediana,60,240 Seg,14
8,2,Aggregation,Cuadrada,mediana,70,240 Seg,15
8,2,Aggregation,Cuadrada,mediana,70,240 Seg,15
8,2,Aggregation,Cuadrada,mediana,70,240 Seg,15
8,2,Aggregation,Cuadrada,mediana,70,240 Seg,15
8,2,Aggregation,Cuadrada,mediana,70,240 Seg,15
8,2,Aggregation,Cuadrada,mediana,70,240 Seg,15
8,2,Aggregation,Cuadrada,mediana,70,240 Seg,15
8,2,Aggregation,Cuadrada,mediana,70,240 Seg,15
8,2,Aggregation,Cuadrada,mediana,70,240 Seg,15
8,2,Aggregation,Cuadrada,mediana,70,240 Seg,15
9,2,Aggregation,Cuadrada,mediana,80,240 Seg,17
9,2,Aggregation,Cuadrada,mediana,80,240 Seg,17
9,2,Aggregation,Cuadrada,mediana,80,240 Seg,17
9,2,Aggregation,Cuadrada,mediana,80,240 Seg,17
9,2,Aggregation,Cuadrada,mediana,80,240 Seg,17
9,2,Aggregation,Cuadrada,mediana,80,240 Seg,17
9,2,Aggregation,Cuadrada,mediana,80,240 Seg,17
9,2,Aggregation,Cuadrada,mediana,80,240 Seg,17
9,2,Aggregation,Cuadrada,mediana,80,240 Seg,17
9,2,Aggregation,Cuadrada,mediana,80,240 Seg,17
10,2,Aggregation,Cuadrada,mediana,90,240 Seg,17
10,2,Aggregation,Cuadrada,mediana,90,240 Seg,17
10,2,Aggregation,Cuadrada,mediana,90,240 Seg,17
10,2,Aggregation,Cuadrada,mediana,90,240 Seg,17
10,2,Aggregation,Cuadrada,mediana,90,240 Seg,17
10,2,Aggregation,Cuadrada,mediana,90,240 Seg,17
10,2,Aggregation,Cuadrada,mediana,90,240 Seg,17
10,2,Aggregation,Cuadrada,mediana,90,240 Seg,17
10,2,Aggregation,Cuadrada,mediana,90,240 Seg,17
10,2,Aggregation,Cuadrada,mediana,90,240 Seg,17
11,2,Aggregation,Cuadrada,mediana,100,240 Seg,13
11,2,Aggregation,Cuadrada,mediana,100,240 Seg,13
11,2,Aggregation,Cuadrada,mediana,100,240 Seg,13
11,2,Aggregation,Cuadrada,mediana,100,240 Seg,13
11,2,Aggregation,Cuadrada,mediana,100,240 Seg,13
11,2,Aggregation,Cuadrada,mediana,100,240 Seg,13
11,2,Aggregation,Cuadrada,mediana,100,240 Seg,13
11,2,Aggregation,Cuadrada,mediana,100,240 Seg,13
11,2,Aggregation,Cuadrada,mediana,100,240 Seg,13
11,2,Aggregation,Cuadrada,mediana,100,240 Seg,13
1,2,Aggregation,Cuadrada,grande,5,240 Seg,2
1,2,Aggregation,Cuadrada,grande,5,240 Seg,2
1,2,Aggregation,Cuadrada,grande,5,240 Seg,2
1,2,Aggregation,Cuadrada,grande,5,240 Seg,2
1,2,Aggregation,Cuadrada,grande,5,240 Seg,2
1,2,Aggregation,Cuadrada,grande,5,240 Seg,2
1,2,Aggregation,Cuadrada,grande,5,240 Seg,2
1,2,Aggregation,Cuadrada,grande,5,240 Seg,2
1,2,Aggregation,Cuadrada,grande,5,240 Seg,2
1,2,Aggregation,Cuadrada,grande,5,240 Seg,2
2,2,Aggregation,Cuadrada,grande,10,240 Seg,1
2,2,Aggregation,Cuadrada,grande,10,240 Seg,1
2,2,Aggregation,Cuadrada,grande,10,240 Seg,1
2,2,Aggregation,Cuadrada,grande,10,240 Seg,1
2,2,Aggregation,Cuadrada,grande,10,240 Seg,1
2,2,Aggregation,Cuadrada,grande,10,240 Seg,1
2,2,Aggregation,Cuadrada,grande,10,240 Seg,1
2,2,Aggregation,Cuadrada,grande,10,240 Seg,1
2,2,Aggregation,Cuadrada,grande,10,240 Seg,1
2,2,Aggregation,Cuadrada,grande,10,240 Seg,1
3,2,Aggregation,Cuadrada,grande,20,240 Seg,2
3,2,Aggregation,Cuadrada,grande,20,240 Seg,2
3,2,Aggregation,Cuadrada,grande,20,240 Seg,2
3,2,Aggregation,Cuadrada,grande,20,240 Seg,2
3,2,Aggregation,Cuadrada,grande,20,240 Seg,2
3,2,Aggregation,Cuadrada,grande,20,240 Seg,2
3,2,Aggregation,Cuadrada,grande,20,240 Seg,2
3,2,Aggregation,Cuadrada,grande,20,240 Seg,2
3,2,Aggregation,Cuadrada,grande,20,240 Seg,2
3,2,Aggregation,Cuadrada,grande,20,240 Seg,2
4,2,Aggregation,Cuadrada,grande,30,240 Seg,8
4,2,Aggregation,Cuadrada,grande,30,240 Seg,8
4,2,Aggregation,Cuadrada,grande,30,240 Seg,8
4,2,Aggregation,Cuadrada,grande,30,240 Seg,8
4,2,Aggregation,Cuadrada,grande,30,240 Seg,8
4,2,Aggregation,Cuadrada,grande,30,240 Seg,8
4,2,Aggregation,Cuadrada,grande,30,240 Seg,8
4,2,Aggregation,Cuadrada,grande,30,240 Seg,8
4,2,Aggregation,Cuadrada,grande,30,240 Seg,8
4,2,Aggregation,Cuadrada,grande,30,240 Seg,8
5,2,Aggregation,Cuadrada,grande,40,240 Seg,6
5,2,Aggregation,Cuadrada,grande,40,240 Seg,6
5,2,Aggregation,Cuadrada,grande,40,240 Seg,6
5,2,Aggregation,Cuadrada,grande,40,240 Seg,6
5,2,Aggregation,Cuadrada,grande,40,240 Seg,6
5,2,Aggregation,Cuadrada,grande,40,240 Seg,6
5,2,Aggregation,Cuadrada,grande,40,240 Seg,6
5,2,Aggregation,Cuadrada,grande,40,240 Seg,6
5,2,Aggregation,Cuadrada,grande,40,240 Seg,6
5,2,Aggregation,Cuadrada,grande,40,240 Seg,6
6,2,Aggregation,Cuadrada,grande,50,240 Seg,10
6,2,Aggregation,Cuadrada,grande,50,240 Seg,10
6,2,Aggregation,Cuadrada,grande,50,240 Seg,10
6,2,Aggregation,Cuadrada,grande,50,240 Seg,10
6,2,Aggregation,Cuadrada,grande,50,240 Seg,10
6,2,Aggregation,Cuadrada,grande,50,240 Seg,10
6,2,Aggregation,Cuadrada,grande,50,240 Seg,10
6,2,Aggregation,Cuadrada,grande,50,240 Seg,10
6,2,Aggregation,Cuadrada,grande,50,240 Seg,10
6,2,Aggregation,Cuadrada,grande,50,240 Seg,10
7,2,Aggregation,Cuadrada,grande,60,240 Seg,13
7,2,Aggregation,Cuadrada,grande,60,240 Seg,13
7,2,Aggregation,Cuadrada,grande,60,240 Seg,13
7,2,Aggregation,Cuadrada,grande,60,240 Seg,13
7,2,Aggregation,Cuadrada,grande,60,240 Seg,13
7,2,Aggregation,Cuadrada,grande,60,240 Seg,13
7,2,Aggregation,Cuadrada,grande,60,240 Seg,13
7,2,Aggregation,Cuadrada,grande,60,240 Seg,13
7,2,Aggregation,Cuadrada,grande,60,240 Seg,13
7,2,Aggregation,Cuadrada,grande,60,240 Seg,13
8,2,Aggregation,Cuadrada,grande,70,240 Seg,8
8,2,Aggregation,Cuadrada,grande,70,240 Seg,8
8,2,Aggregation,Cuadrada,grande,70,240 Seg,8
8,2,Aggregation,Cuadrada,grande,70,240 Seg,8
8,2,Aggregation,Cuadrada,grande,70,240 Seg,8
8,2,Aggregation,Cuadrada,grande,70,240 Seg,8
8,2,Aggregation,Cuadrada,grande,70,240 Seg,8
8,2,Aggregation,Cuadrada,grande,70,240 Seg,8
8,2,Aggregation,Cuadrada,grande,70,240 Seg,8
8,2,Aggregation,Cuadrada,grande,70,240 Seg,8
9,2,Aggregation,Cuadrada,grande,80,240 Seg,9
9,2,Aggregation,Cuadrada,grande,80,240 Seg,9
9,2,Aggregation,Cuadrada,grande,80,240 Seg,9
9,2,Aggregation,Cuadrada,grande,80,240 Seg,9
9,2,Aggregation,Cuadrada,grande,80,240 Seg,9
9,2,Aggregation,Cuadrada,grande,80,240 Seg,9
9,2,Aggregation,Cuadrada,grande,80,240 Seg,9
9,2,Aggregation,Cuadrada,grande,80,240 Seg,9
9,2,Aggregation,Cuadrada,grande,80,240 Seg,9
9,2,Aggregation,Cuadrada,grande,80,240 Seg,9
10,2,Aggregation,Cuadrada,grande,90,240 Seg,15
10,2,Aggregation,Cuadrada,grande,90,240 Seg,15
10,2,Aggregation,Cuadrada,grande,90,240 Seg,15
10,2,Aggregation,Cuadrada,grande,90,240 Seg,15
10,2,Aggregation,Cuadrada,grande,90,240 Seg,15
10,2,Aggregation,Cuadrada,grande,90,240 Seg,15
10,2,Aggregation,Cuadrada,grande,90,240 Seg,15
10,2,Aggregation,Cuadrada,grande,90,240 Seg,15
10,2,Aggregation,Cuadrada,grande,90,240 Seg,15
10,2,Aggregation,Cuadrada,grande,90,240 Seg,15
11,2,Aggregation,Cuadrada,grande,100,240 Seg,13
11,2,Aggregation,Cuadrada,grande,100,240 Seg,13
11,2,Aggregation,Cuadrada,grande,100,240 Seg,13
11,2,Aggregation,Cuadrada,grande,100,240 Seg,13
11,2,Aggregation,Cuadrada,grande,100,240 Seg,13
11,2,Aggregation,Cuadrada,grande,100,240 Seg,13
11,2,Aggregation,Cuadrada,grande,100,240 Seg,13
11,2,Aggregation,Cuadrada,grande,100,240 Seg,13
11,2,Aggregation,Cuadrada,grande,100,240 Seg,13
11,2,Aggregation,Cuadrada,grande,100,240 Seg,13
1,2,Aggregation,Hexagonal,pequena,5,240 Seg,4
1,2,Aggregation,Hexagonal,pequena,5,240 Seg,4
1,2,Aggregation,Hexagonal,pequena,5,240 Seg,4
1,2,Aggregation,Hexagonal,pequena,5,240 Seg,4
1,2,Aggregation,Hexagonal,pequena,5,240 Seg,4
1,2,Aggregation,Hexagonal,pequena,5,240 Seg,4
1,2,Aggregation,Hexagonal,pequena,5,240 Seg,4
1,2,Aggregation,Hexagonal,pequena,5,240 Seg,4
1,2,Aggregation,Hexagonal,pequena,5,240 Seg,4
1,2,Aggregation,Hexagonal,pequena,5,240 Seg,4
2,2,Aggregation,Hexagonal,pequena,10,240 Seg,9
2,2,Aggregation,Hexagonal,pequena,10,240 Seg,9
2,2,Aggregation,Hexagonal,pequena,10,240 Seg,9
2,2,Aggregation,Hexagonal,pequena,10,240 Seg,9
2,2,Aggregation,Hexagonal,pequena,10,240 Seg,9
2,2,Aggregation,Hexagonal,pequena,10,240 Seg,9
2,2,Aggregation,Hexagonal,pequena,10,240 Seg,9
2,2,Aggregation,Hexagonal,pequena,10,240 Seg,9
2,2,Aggregation,Hexagonal,pequena,10,240 Seg,9
2,2,Aggregation,Hexagonal,pequena,10,240 Seg,9
3,2,Aggregation,Hexagonal,pequena,20,240 Seg,14
3,2,Aggregation,Hexagonal,pequena,20,240 Seg,14
3,2,Aggregation,Hexagonal,pequena,20,240 Seg,14
3,2,Aggregation,Hexagonal,pequena,20,240 Seg,14
3,2,Aggregation,Hexagonal,pequena,20,240 Seg,14
3,2,Aggregation,Hexagonal,pequena,20,240 Seg,14
3,2,Aggregation,Hexagonal,pequena,20,240 Seg,14
3,2,Aggregation,Hexagonal,pequena,20,240 Seg,14
3,2,Aggregation,Hexagonal,pequena,20,240 Seg,14
3,2,Aggregation,Hexagonal,pequena,20,240 Seg,14
4,2,Aggregation,Hexagonal,pequena,30,240 Seg,20
4,2,Aggregation,Hexagonal,pequena,30,240 Seg,20
4,2,Aggregation,Hexagonal,pequena,30,240 Seg,20
4,2,Aggregation,Hexagonal,pequena,30,240 Seg,20
4,2,Aggregation,Hexagonal,pequena,30,240 Seg,20
4,2,Aggregation,Hexagonal,pequena,30,240 Seg,20
4,2,Aggregation,Hexagonal,pequena,30,240 Seg,20
4,2,Aggregation,Hexagonal,pequena,30,240 Seg,20
4,2,Aggregation,Hexagonal,pequena,30,240 Seg,20
4,2,Aggregation,Hexagonal,pequena,30,240 Seg,20
5,2,Aggregation,Hexagonal,pequena,40,240 Seg,22
5,2,Aggregation,Hexagonal,pequena,40,240 Seg,22
5,2,Aggregation,Hexagonal,pequena,40,240 Seg,22
5,2,Aggregation,Hexagonal,pequena,40,240 Seg,22
5,2,Aggregation,Hexagonal,pequena,40,240 Seg,22
5,2,Aggregation,Hexagonal,pequena,40,240 Seg,22
5,2,Aggregation,Hexagonal,pequena,40,240 Seg,22
5,2,Aggregation,Hexagonal,pequena,40,240 Seg,22
5,2,Aggregation,Hexagonal,pequena,40,240 Seg,22
5,2,Aggregation,Hexagonal,pequena,40,240 Seg,22
6,2,Aggregation,Hexagonal,pequena,50,240 Seg,31
6,2,Aggregation,Hexagonal,pequena,50,240 Seg,31
6,2,Aggregation,Hexagonal,pequena,50,240 Seg,31
6,2,Aggregation,Hexagonal,pequena,50,240 Seg,31
6,2,Aggregation,Hexagonal,pequena,50,240 Seg,31
6,2,Aggregation,Hexagonal,pequena,50,240 Seg,31
6,2,Aggregation,Hexagonal,pequena,50,240 Seg,31
6,2,Aggregation,Hexagonal,pequena,50,240 Seg,31
6,2,Aggregation,Hexagonal,pequena,50,240 Seg,31
6,2,Aggregation,Hexagonal,pequena,50,240 Seg,31
7,2,Aggregation,Hexagonal,pequena,60,240 Seg,34
7,2,Aggregation,Hexagonal,pequena,60,240 Seg,34
7,2,Aggregation,Hexagonal,pequena,60,240 Seg,34
7,2,Aggregation,Hexagonal,pequena,60,240 Seg,34
7,2,Aggregation,Hexagonal,pequena,60,240 Seg,34
7,2,Aggregation,Hexagonal,pequena,60,240 Seg,34
7,2,Aggregation,Hexagonal,pequena,60,240 Seg,34
7,2,Aggregation,Hexagonal,pequena,60,240 Seg,34
7,2,Aggregation,Hexagonal,pequena,60,240 Seg,34
7,2,Aggregation,Hexagonal,pequena,60,240 Seg,34
8,2,Aggregation,Hexagonal,pequena,70,240 Seg,38
8,2,Aggregation,Hexagonal,pequena,70,240 Seg,38
8,2,Aggregation,Hexagonal,pequena,70,240 Seg,38
8,2,Aggregation,Hexagonal,pequena,70,240 Seg,38
8,2,Aggregation,Hexagonal,pequena,70,240 Seg,38
8,2,Aggregation,Hexagonal,pequena,70,240 Seg,38
8,2,Aggregation,Hexagonal,pequena,70,240 Seg,38
8,2,Aggregation,Hexagonal,pequena,70,240 Seg,38
8,2,Aggregation,Hexagonal,pequena,70,240 Seg,38
8,2,Aggregation,Hexagonal,pequena,70,240 Seg,38
9,2,Aggregation,Hexagonal,pequena,80,240 Seg,40
9,2,Aggregation,Hexagonal,pequena,80,240 Seg,40
9,2,Aggregation,Hexagonal,pequena,80,240 Seg,40
9,2,Aggregation,Hexagonal,pequena,80,240 Seg,40
9,2,Aggregation,Hexagonal,pequena,80,240 Seg,40
9,2,Aggregation,Hexagonal,pequena,80,240 Seg,40
9,2,Aggregation,Hexagonal,pequena,80,240 Seg,40
9,2,Aggregation,Hexagonal,pequena,80,240 Seg,40
9,2,Aggregation,Hexagonal,pequena,80,240 Seg,40
9,2,Aggregation,Hexagonal,pequena,80,240 Seg,40
10,2,Aggregation,Hexagonal,pequena,90,240 Seg,44
10,2,Aggregation,Hexagonal,pequena,90,240 Seg,44
10,2,Aggregation,Hexagonal,pequena,90,240 Seg,44
10,2,Aggregation,Hexagonal,pequena,90,240 Seg,44
10,2,Aggregation,Hexagonal,pequena,90,240 Seg,44
10,2,Aggregation,Hexagonal,pequena,90,240 Seg,44
10,2,Aggregation,Hexagonal,pequena,90,240 Seg,44
10,2,Aggregation,Hexagonal,pequena,90,240 Seg,44
10,2,Aggregation,Hexagonal,pequena,90,240 Seg,44
10,2,Aggregation,Hexagonal,pequena,90,240 Seg,44
11,2,Aggregation,Hexagonal,pequena,100,240 Seg,44
11,2,Aggregation,Hexagonal,pequena,100,240 Seg,44
11,2,Aggregation,Hexagonal,pequena,100,240 Seg,44
11,2,Aggregation,Hexagonal,pequena,100,240 Seg,44
11,2,Aggregation,Hexagonal,pequena,100,240 Seg,44
11,2,Aggregation,Hexagonal,pequena,100,240 Seg,44
11,2,Aggregation,Hexagonal,pequena,100,240 Seg,44
11,2,Aggregation,Hexagonal,pequena,100,240 Seg,44
11,2,Aggregation,Hexagonal,pequena,100,240 Seg,44
11,2,Aggregation,Hexagonal,pequena,100,240 Seg,44
1,2,Aggregation,Hexagonal,mediana,5,240 Seg,4
1,2,Aggregation,Hexagonal,mediana,5,240 Seg,4
1,2,Aggregation,Hexagonal,mediana,5,240 Seg,4
1,2,Aggregation,Hexagonal,mediana,5,240 Seg,4
1,2,Aggregation,Hexagonal,mediana,5,240 Seg,4
1,2,Aggregation,Hexagonal,mediana,5,240 Seg,4
1,2,Aggregation,Hexagonal,mediana,5,240 Seg,4
1,2,Aggregation,Hexagonal,mediana,5,240 Seg,4
1,2,Aggregation,Hexagonal,mediana,5,240 Seg,4
1,2,Aggregation,Hexagonal,mediana,5,240 Seg,4
2,2,Aggregation,Hexagonal,mediana,10,240 Seg,5
2,2,Aggregation,Hexagonal,mediana,10,240 Seg,5
2,2,Aggregation,Hexagonal,mediana,10,240 Seg,5
2,2,Aggregation,Hexagonal,mediana,10,240 Seg,5
2,2,Aggregation,Hexagonal,mediana,10,240 Seg,5
2,2,Aggregation,Hexagonal,mediana,10,240 Seg,5
2,2,Aggregation,Hexagonal,mediana,10,240 Seg,5
2,2,Aggregation,Hexagonal,mediana,10,240 Seg,5
2,2,Aggregation,Hexagonal,mediana,10,240 Seg,5
2,2,Aggregation,Hexagonal,mediana,10,240 Seg,5
3,2,Aggregation,Hexagonal,mediana,20,240 Seg,11
3,2,Aggregation,Hexagonal,mediana,20,240 Seg,11
3,2,Aggregation,Hexagonal,mediana,20,240 Seg,11
3,2,Aggregation,Hexagonal,mediana,20,240 Seg,11
3,2,Aggregation,Hexagonal,mediana,20,240 Seg,11
3,2,Aggregation,Hexagonal,mediana,20,240 Seg,11
3,2,Aggregation,Hexagonal,mediana,20,240 Seg,11
3,2,Aggregation,Hexagonal,mediana,20,240 Seg,11
3,2,Aggregation,Hexagonal,mediana,20,240 Seg,11
3,2,Aggregation,Hexagonal,mediana,20,240 Seg,11
4,2,Aggregation,Hexagonal,mediana,30,240 Seg,12
4,2,Aggregation,Hexagonal,mediana,30,240 Seg,12
4,2,Aggregation,Hexagonal,mediana,30,240 Seg,12
4,2,Aggregation,Hexagonal,mediana,30,240 Seg,12
4,2,Aggregation,Hexagonal,mediana,30,240 Seg,12
4,2,Aggregation,Hexagonal,mediana,30,240 Seg,12
4,2,Aggregation,Hexagonal,mediana,30,240 Seg,12
4,2,Aggregation,Hexagonal,mediana,30,240 Seg,12
4,2,Aggregation,Hexagonal,mediana,30,240 Seg,12
4,2,Aggregation,Hexagonal,mediana,30,240 Seg,12
5,2,Aggregation,Hexagonal,mediana,40,240 Seg,10
5,2,Aggregation,Hexagonal,mediana,40,240 Seg,10
5,2,Aggregation,Hexagonal,mediana,40,240 Seg,10
5,2,Aggregation,Hexagonal,mediana,40,240 Seg,10
5,2,Aggregation,Hexagonal,mediana,40,240 Seg,10
5,2,Aggregation,Hexagonal,mediana,40,240 Seg,10
5,2,Aggregation,Hexagonal,mediana,40,240 Seg,10
5,2,Aggregation,Hexagonal,mediana,40,240 Seg,10
5,2,Aggregation,Hexagonal,mediana,40,240 Seg,10
5,2,Aggregation,Hexagonal,mediana,40,240 Seg,10
6,2,Aggregation,Hexagonal,mediana,50,240 Seg,14
6,2,Aggregation,Hexagonal,mediana,50,240 Seg,14
6,2,Aggregation,Hexagonal,mediana,50,240 Seg,14
6,2,Aggregation,Hexagonal,mediana,50,240 Seg,14
6,2,Aggregation,Hexagonal,mediana,50,240 Seg,14
6,2,Aggregation,Hexagonal,mediana,50,240 Seg,14
6,2,Aggregation,Hexagonal,mediana,50,240 Seg,14
6,2,Aggregation,Hexagonal,mediana,50,240 Seg,14
6,2,Aggregation,Hexagonal,mediana,50,240 Seg,14
6,2,Aggregation,Hexagonal,mediana,50,240 Seg,14
7,2,Aggregation,Hexagonal,mediana,60,240 Seg,11
7,2,Aggregation,Hexagonal,mediana,60,240 Seg,11
7,2,Aggregation,Hexagonal,mediana,60,240 Seg,11
7,2,Aggregation,Hexagonal,mediana,60,240 Seg,11
7,2,Aggregation,Hexagonal,mediana,60,240 Seg,11
7,2,Aggregation,Hexagonal,mediana,60,240 Seg,11
7,2,Aggregation,Hexagonal,mediana,60,240 Seg,11
7,2,Aggregation,Hexagonal,mediana,60,240 Seg,11
7,2,Aggregation,Hexagonal,mediana,60,240 Seg,11
7,2,Aggregation,Hexagonal,mediana,60,240 Seg,11
8,2,Aggregation,Hexagonal,mediana,70,240 Seg,15
8,2,Aggregation,Hexagonal,mediana,70,240 Seg,15
8,2,Aggregation,Hexagonal,mediana,70,240 Seg,15
8,2,Aggregation,Hexagonal,mediana,70,240 Seg,15
8,2,Aggregation,Hexagonal,mediana,70,240 Seg,15
8,2,Aggregation,Hexagonal,mediana,70,240 Seg,15
8,2,Aggregation,Hexagonal,mediana,70,240 Seg,15
8,2,Aggregation,Hexagonal,mediana,70,240 Seg,15
8,2,Aggregation,Hexagonal,mediana,70,240 Seg,15
8,2,Aggregation,Hexagonal,mediana,70,240 Seg,15
9,2,Aggregation,Hexagonal,mediana,80,240 Seg,13
9,2,Aggregation,Hexagonal,mediana,80,240 Seg,13
9,2,Aggregation,Hexagonal,mediana,80,240 Seg,13
9,2,Aggregation,Hexagonal,mediana,80,240 Seg,13
9,2,Aggregation,Hexagonal,mediana,80,240 Seg,13
9,2,Aggregation,Hexagonal,mediana,80,240 Seg,13
9,2,Aggregation,Hexagonal,mediana,80,240 Seg,13
9,2,Aggregation,Hexagonal,mediana,80,240 Seg,13
9,2,Aggregation,Hexagonal,mediana,80,240 Seg,13
9,2,Aggregation,Hexagonal,mediana,80,240 Seg,13
10,2,Aggregation,Hexagonal,mediana,90,240 Seg,17
10,2,Aggregation,Hexagonal,mediana,90,240 Seg,17
10,2,Aggregation,Hexagonal,mediana,90,240 Seg,17
10,2,Aggregation,Hexagonal,mediana,90,240 Seg,17
10,2,Aggregation,Hexagonal,mediana,90,240 Seg,17
10,2,Aggregation,Hexagonal,mediana,90,240 Seg,17
10,2,Aggregation,Hexagonal,mediana,90,240 Seg,17
10,2,Aggregation,Hexagonal,mediana,90,240 Seg,17
10,2,Aggregation,Hexagonal,mediana,90,240 Seg,17
10,2,Aggregation,Hexagonal,mediana,90,240 Seg,17
11,2,Aggregation,Hexagonal,mediana,100,240 Seg,20
11,2,Aggregation,Hexagonal,mediana,100,240 Seg,20
11,2,Aggregation,Hexagonal,mediana,100,240 Seg,20
11,2,Aggregation,Hexagonal,mediana,100,240 Seg,20
11,2,Aggregation,Hexagonal,mediana,100,240 Seg,20
11,2,Aggregation,Hexagonal,mediana,100,240 Seg,20
11,2,Aggregation,Hexagonal,mediana,100,240 Seg,20
11,2,Aggregation,Hexagonal,mediana,100,240 Seg,20
11,2,Aggregation,Hexagonal,mediana,100,240 Seg,20
11,2,Aggregation,Hexagonal,mediana,100,240 Seg,20
1,2,Aggregation,Hexagonal,grande,5,240 Seg,3
1,2,Aggregation,Hexagonal,grande,5,240 Seg,3
1,2,Aggregation,Hexagonal,grande,5,240 Seg,3
1,2,Aggregation,Hexagonal,grande,5,240 Seg,3
1,2,Aggregation,Hexagonal,grande,5,240 Seg,3
1,2,Aggregation,Hexagonal,grande,5,240 Seg,3
1,2,Aggregation,Hexagonal,grande,5,240 Seg,3
1,2,Aggregation,Hexagonal,grande,5,240 Seg,3
1,2,Aggregation,Hexagonal,grande,5,240 Seg,3
1,2,Aggregation,Hexagonal,grande,5,240 Seg,3
2,2,Aggregation,Hexagonal,grande,10,240 Seg,3
2,2,Aggregation,Hexagonal,grande,10,240 Seg,3
2,2,Aggregation,Hexagonal,grande,10,240 Seg,3
2,2,Aggregation,Hexagonal,grande,10,240 Seg,3
2,2,Aggregation,Hexagonal,grande,10,240 Seg,3
2,2,Aggregation,Hexagonal,grande,10,240 Seg,3
2,2,Aggregation,Hexagonal,grande,10,240 Seg,3
2,2,Aggregation,Hexagonal,grande,10,240 Seg,3
2,2,Aggregation,Hexagonal,grande,10,240 Seg,3
2,2,Aggregation,Hexagonal,grande,10,240 Seg,3
3,2,Aggregation,Hexagonal,grande,20,240 Seg,3
3,2,Aggregation,Hexagonal,grande,20,240 Seg,3
3,2,Aggregation,Hexagonal,grande,20,240 Seg,3
3,2,Aggregation,Hexagonal,grande,20,240 Seg,3
3,2,Aggregation,Hexagonal,grande,20,240 Seg,3
3,2,Aggregation,Hexagonal,grande,20,240 Seg,3
3,2,Aggregation,Hexagonal,grande,20,240 Seg,3
3,2,Aggregation,Hexagonal,grande,20,240 Seg,3
3,2,Aggregation,Hexagonal,grande,20,240 Seg,3
3,2,Aggregation,Hexagonal,grande,20,240 Seg,3
4,2,Aggregation,Hexagonal,grande,30,240 Seg,6
4,2,Aggregation,Hexagonal,grande,30,240 Seg,6
4,2,Aggregation,Hexagonal,grande,30,240 Seg,6
4,2,Aggregation,Hexagonal,grande,30,240 Seg,6
4,2,Aggregation,Hexagonal,grande,30,240 Seg,6
4,2,Aggregation,Hexagonal,grande,30,240 Seg,6
4,2,Aggregation,Hexagonal,grande,30,240 Seg,6
4,2,Aggregation,Hexagonal,grande,30,240 Seg,6
4,2,Aggregation,Hexagonal,grande,30,240 Seg,6
4,2,Aggregation,Hexagonal,grande,30,240 Seg,6
5,2,Aggregation,Hexagonal,grande,40,240 Seg,8
5,2,Aggregation,Hexagonal,grande,40,240 Seg,8
5,2,Aggregation,Hexagonal,grande,40,240 Seg,8
5,2,Aggregation,Hexagonal,grande,40,240 Seg,8
5,2,Aggregation,Hexagonal,grande,40,240 Seg,8
5,2,Aggregation,Hexagonal,grande,40,240 Seg,8
5,2,Aggregation,Hexagonal,grande,40,240 Seg,8
5,2,Aggregation,Hexagonal,grande,40,240 Seg,8
5,2,Aggregation,Hexagonal,grande,40,240 Seg,8
5,2,Aggregation,Hexagonal,grande,40,240 Seg,8
6,2,Aggregation,Hexagonal,grande,50,240 Seg,6
6,2,Aggregation,Hexagonal,grande,50,240 Seg,6
6,2,Aggregation,Hexagonal,grande,50,240 Seg,6
6,2,Aggregation,Hexagonal,grande,50,240 Seg,6
6,2,Aggregation,Hexagonal,grande,50,240 Seg,6
6,2,Aggregation,Hexagonal,grande,50,240 Seg,6
6,2,Aggregation,Hexagonal,grande,50,240 Seg,6
6,2,Aggregation,Hexagonal,grande,50,240 Seg,6
6,2,Aggregation,Hexagonal,grande,50,240 Seg,6
6,2,Aggregation,Hexagonal,grande,50,240 Seg,6
7,2,Aggregation,Hexagonal,grande,60,240 Seg,13
7,2,Aggregation,Hexagonal,grande,60,240 Seg,13
7,2,Aggregation,Hexagonal,grande,60,240 Seg,13
7,2,Aggregation,Hexagonal,grande,60,240 Seg,13
7,2,Aggregation,Hexagonal,grande,60,240 Seg,13
7,2,Aggregation,Hexagonal,grande,60,240 Seg,13
7,2,Aggregation,Hexagonal,grande,60,240 Seg,13
7,2,Aggregation,Hexagonal,grande,60,240 Seg,13
7,2,Aggregation,Hexagonal,grande,60,240 Seg,13
7,2,Aggregation,Hexagonal,grande,60,240 Seg,13
8,2,Aggregation,Hexagonal,grande,70,240 Seg,14
8,2,Aggregation,Hexagonal,grande,70,240 Seg,14
8,2,Aggregation,Hexagonal,grande,70,240 Seg,14
8,2,Aggregation,Hexagonal,grande,70,240 Seg,14
8,2,Aggregation,Hexagonal,grande,70,240 Seg,14
8,2,Aggregation,Hexagonal,grande,70,240 Seg,14
8,2,Aggregation,Hexagonal,grande,70,240 Seg,14
8,2,Aggregation,Hexagonal,grande,70,240 Seg,14
8,2,Aggregation,Hexagonal,grande,70,240 Seg,14
8,2,Aggregation,Hexagonal,grande,70,240 Seg,14
9,2,Aggregation,Hexagonal,grande,80,240 Seg,13
9,2,Aggregation,Hexagonal,grande,80,240 Seg,13
9,2,Aggregation,Hexagonal,grande,80,240 Seg,13
9,2,Aggregation,Hexagonal,grande,80,240 Seg,13
9,2,Aggregation,Hexagonal,grande,80,240 Seg,13
9,2,Aggregation,Hexagonal,grande,80,240 Seg,13
9,2,Aggregation,Hexagonal,grande,80,240 Seg,13
9,2,Aggregation,Hexagonal,grande,80,240 Seg,13
9,2,Aggregation,Hexagonal,grande,80,240 Seg,13
9,2,Aggregation,Hexagonal,grande,80,240 Seg,13
10,2,Aggregation,Hexagonal,grande,90,240 Seg,15
10,2,Aggregation,Hexagonal,grande,90,240 Seg,15
10,2,Aggregation,Hexagonal,grande,90,240 Seg,15
10,2,Aggregation,Hexagonal,grande,90,240 Seg,15
10,2,Aggregation,Hexagonal,grande,90,240 Seg,15
10,2,Aggregation,Hexagonal,grande,90,240 Seg,15
10,2,Aggregation,Hexagonal,grande,90,240 Seg,15
10,2,Aggregation,Hexagonal,grande,90,240 Seg,15
10,2,Aggregation,Hexagonal,grande,90,240 Seg,15
10,2,Aggregation,Hexagonal,grande,90,240 Seg,15
11,2,Aggregation,Hexagonal,grande,100,240 Seg,20
11,2,Aggregation,Hexagonal,grande,100,240 Seg,20
11,2,Aggregation,Hexagonal,grande,100,240 Seg,20
11,2,Aggregation,Hexagonal,grande,100,240 Seg,20
11,2,Aggregation,Hexagonal,grande,100,240 Seg,20
11,2,Aggregation,Hexagonal,grande,100,240 Seg,20
11,2,Aggregation,Hexagonal,grande,100,240 Seg,20
11,2,Aggregation,Hexagonal,grande,100,240 Seg,20
11,2,Aggregation,Hexagonal,grande,100,240 Seg,20
11,2,Aggregation,Hexagonal,grande,100,240 Seg,20
1,2,Aggregation,Octagonal,pequena,5,240 Seg,4
1,2,Aggregation,Octagonal,pequena,5,240 Seg,4
1,2,Aggregation,Octagonal,pequena,5,240 Seg,4
1,2,Aggregation,Octagonal,pequena,5,240 Seg,4
1,2,Aggregation,Octagonal,pequena,5,240 Seg,4
1,2,Aggregation,Octagonal,pequena,5,240 Seg,4
1,2,Aggregation,Octagonal,pequena,5,240 Seg,4
1,2,Aggregation,Octagonal,pequena,5,240 Seg,4
1,2,Aggregation,Octagonal,pequena,5,240 Seg,4
1,2,Aggregation,Octagonal,pequena,5,240 Seg,4
2,2,Aggregation,Octagonal,pequena,10,240 Seg,8
2,2,Aggregation,Octagonal,pequena,10,240 Seg,8
2,2,Aggregation,Octagonal,pequena,10,240 Seg,8
2,2,Aggregation,Octagonal,pequena,10,240 Seg,8
2,2,Aggregation,Octagonal,pequena,10,240 Seg,8
2,2,Aggregation,Octagonal,pequena,10,240 Seg,8
2,2,Aggregation,Octagonal,pequena,10,240 Seg,8
2,2,Aggregation,Octagonal,pequena,10,240 Seg,8
2,2,Aggregation,Octagonal,pequena,10,240 Seg,8
2,2,Aggregation,Octagonal,pequena,10,240 Seg,8
3,2,Aggregation,Octagonal,pequena,20,240 Seg,14
3,2,Aggregation,Octagonal,pequena,20,240 Seg,14
3,2,Aggregation,Octagonal,pequena,20,240 Seg,14
3,2,Aggregation,Octagonal,pequena,20,240 Seg,14
3,2,Aggregation,Octagonal,pequena,20,240 Seg,14
3,2,Aggregation,Octagonal,pequena,20,240 Seg,14
3,2,Aggregation,Octagonal,pequena,20,240 Seg,14
3,2,Aggregation,Octagonal,pequena,20,240 Seg,14
3,2,Aggregation,Octagonal,pequena,20,240 Seg,14
3,2,Aggregation,Octagonal,pequena,20,240 Seg,14
4,2,Aggregation,Octagonal,pequena,30,240 Seg,16
4,2,Aggregation,Octagonal,pequena,30,240 Seg,16
4,2,Aggregation,Octagonal,pequena,30,240 Seg,16
4,2,Aggregation,Octagonal,pequena,30,240 Seg,16
4,2,Aggregation,Octagonal,pequena,30,240 Seg,16
4,2,Aggregation,Octagonal,pequena,30,240 Seg,16
4,2,Aggregation,Octagonal,pequena,30,240 Seg,16
4,2,Aggregation,Octagonal,pequena,30,240 Seg,16
4,2,Aggregation,Octagonal,pequena,30,240 Seg,16
4,2,Aggregation,Octagonal,pequena,30,240 Seg,16
5,2,Aggregation,Octagonal,pequena,40,240 Seg,17
5,2,Aggregation,Octagonal,pequena,40,240 Seg,17
5,2,Aggregation,Octagonal,pequena,40,240 Seg,17
5,2,Aggregation,Octagonal,pequena,40,240 Seg,17
5,2,Aggregation,Octagonal,pequena,40,240 Seg,17
5,2,Aggregation,Octagonal,pequena,40,240 Seg,17
5,2,Aggregation,Octagonal,pequena,40,240 Seg,17
5,2,Aggregation,Octagonal,pequena,40,240 Seg,17
5,2,Aggregation,Octagonal,pequena,40,240 Seg,17
5,2,Aggregation,Octagonal,pequena,40,240 Seg,17
6,2,Aggregation,Octagonal,pequena,50,240 Seg,22
6,2,Aggregation,Octagonal,pequena,50,240 Seg,22
6,2,Aggregation,Octagonal,pequena,50,240 Seg,22
6,2,Aggregation,Octagonal,pequena,50,240 Seg,22
6,2,Aggregation,Octagonal,pequena,50,240 Seg,22
6,2,Aggregation,Octagonal,pequena,50,240 Seg,22
6,2,Aggregation,Octagonal,pequena,50,240 Seg,22
6,2,Aggregation,Octagonal,pequena,50,240 Seg,22
6,2,Aggregation,Octagonal,pequena,50,240 Seg,22
6,2,Aggregation,Octagonal,pequena,50,240 Seg,22
7,2,Aggregation,Octagonal,pequena,60,240 Seg,22
7,2,Aggregation,Octagonal,pequena,60,240 Seg,22
7,2,Aggregation,Octagonal,pequena,60,240 Seg,22
7,2,Aggregation,Octagonal,pequena,60,240 Seg,22
7,2,Aggregation,Octagonal,pequena,60,240 Seg,22
7,2,Aggregation,Octagonal,pequena,60,240 Seg,22
7,2,Aggregation,Octagonal,pequena,60,240 Seg,22
7,2,Aggregation,Octagonal,pequena,60,240 Seg,22
7,2,Aggregation,Octagonal,pequena,60,240 Seg,22
7,2,Aggregation,Octagonal,pequena,60,240 Seg,22
8,2,Aggregation,Octagonal,pequena,70,240 Seg,25
8,2,Aggregation,Octagonal,pequena,70,240 Seg,25
8,2,Aggregation,Octagonal,pequena,70,240 Seg,25
8,2,Aggregation,Octagonal,pequena,70,240 Seg,25
8,2,Aggregation,Octagonal,pequena,70,240 Seg,25
8,2,Aggregation,Octagonal,pequena,70,240 Seg,25
8,2,Aggregation,Octagonal,pequena,70,240 Seg,25
8,2,Aggregation,Octagonal,pequena,70,240 Seg,25
8,2,Aggregation,Octagonal,pequena,70,240 Seg,25
8,2,Aggregation,Octagonal,pequena,70,240 Seg,25
9,2,Aggregation,Octagonal,pequena,80,240 Seg,28
9,2,Aggregation,Octagonal,pequena,80,240 Seg,28
9,2,Aggregation,Octagonal,pequena,80,240 Seg,28
9,2,Aggregation,Octagonal,pequena,80,240 Seg,28
9,2,Aggregation,Octagonal,pequena,80,240 Seg,28
9,2,Aggregation,Octagonal,pequena,80,240 Seg,28
9,2,Aggregation,Octagonal,pequena,80,240 Seg,28
9,2,Aggregation,Octagonal,pequena,80,240 Seg,28
9,2,Aggregation,Octagonal,pequena,80,240 Seg,28
9,2,Aggregation,Octagonal,pequena,80,240 Seg,28
10,2,Aggregation,Octagonal,pequena,90,240 Seg,26
10,2,Aggregation,Octagonal,pequena,90,240 Seg,26
10,2,Aggregation,Octagonal,pequena,90,240 Seg,26
10,2,Aggregation,Octagonal,pequena,90,240 Seg,26
10,2,Aggregation,Octagonal,pequena,90,240 Seg,26
10,2,Aggregation,Octagonal,pequena,90,240 Seg,26
10,2,Aggregation,Octagonal,pequena,90,240 Seg,26
10,2,Aggregation,Octagonal,pequena,90,240 Seg,26
10,2,Aggregation,Octagonal,pequena,90,240 Seg,26
10,2,Aggregation,Octagonal,pequena,90,240 Seg,26
11,2,Aggregation,Octagonal,pequena,100,240 Seg,30
11,2,Aggregation,Octagonal,pequena,100,240 Seg,30
11,2,Aggregation,Octagonal,pequena,100,240 Seg,30
11,2,Aggregation,Octagonal,pequena,100,240 Seg,30
11,2,Aggregation,Octagonal,pequena,100,240 Seg,30
11,2,Aggregation,Octagonal,pequena,100,240 Seg,30
11,2,Aggregation,Octagonal,pequena,100,240 Seg,30
11,2,Aggregation,Octagonal,pequena,100,240 Seg,30
11,2,Aggregation,Octagonal,pequena,100,240 Seg,30
11,2,Aggregation,Octagonal,pequena,100,240 Seg,30
1,2,Aggregation,Octagonal,mediana,5,240 Seg,1
1,2,Aggregation,Octagonal,mediana,5,240 Seg,1
1,2,Aggregation,Octagonal,mediana,5,240 Seg,1
1,2,Aggregation,Octagonal,mediana,5,240 Seg,1
1,2,Aggregation,Octagonal,mediana,5,240 Seg,1
1,2,Aggregation,Octagonal,mediana,5,240 Seg,1
1,2,Aggregation,Octagonal,mediana,5,240 Seg,1
1,2,Aggregation,Octagonal,mediana,5,240 Seg,1
1,2,Aggregation,Octagonal,mediana,5,240 Seg,1
1,2,Aggregation,Octagonal,mediana,5,240 Seg,1
2,2,Aggregation,Octagonal,mediana,10,240 Seg,6
2,2,Aggregation,Octagonal,mediana,10,240 Seg,6
2,2,Aggregation,Octagonal,mediana,10,240 Seg,6
2,2,Aggregation,Octagonal,mediana,10,240 Seg,6
2,2,Aggregation,Octagonal,mediana,10,240 Seg,6
2,2,Aggregation,Octagonal,mediana,10,240 Seg,6
2,2,Aggregation,Octagonal,mediana,10,240 Seg,6
2,2,Aggregation,Octagonal,mediana,10,240 Seg,6
2,2,Aggregation,Octagonal,mediana,10,240 Seg,6
2,2,Aggregation,Octagonal,mediana,10,240 Seg,6
3,2,Aggregation,Octagonal,mediana,20,240 Seg,9
3,2,Aggregation,Octagonal,mediana,20,240 Seg,9
3,2,Aggregation,Octagonal,mediana,20,240 Seg,9
3,2,Aggregation,Octagonal,mediana,20,240 Seg,9
3,2,Aggregation,Octagonal,mediana,20,240 Seg,9
3,2,Aggregation,Octagonal,mediana,20,240 Seg,9
3,2,Aggregation,Octagonal,mediana,20,240 Seg,9
3,2,Aggregation,Octagonal,mediana,20,240 Seg,9
3,2,Aggregation,Octagonal,mediana,20,240 Seg,9
3,2,Aggregation,Octagonal,mediana,20,240 Seg,9
4,2,Aggregation,Octagonal,mediana,30,240 Seg,11
4,2,Aggregation,Octagonal,mediana,30,240 Seg,11
4,2,Aggregation,Octagonal,mediana,30,240 Seg,11
4,2,Aggregation,Octagonal,mediana,30,240 Seg,11
4,2,Aggregation,Octagonal,mediana,30,240 Seg,11
4,2,Aggregation,Octagonal,mediana,30,240 Seg,11
4,2,Aggregation,Octagonal,mediana,30,240 Seg,11
4,2,Aggregation,Octagonal,mediana,30,240 Seg,11
4,2,Aggregation,Octagonal,mediana,30,240 Seg,11
4,2,Aggregation,Octagonal,mediana,30,240 Seg,11
5,2,Aggregation,Octagonal,mediana,40,240 Seg,13
5,2,Aggregation,Octagonal,mediana,40,240 Seg,13
5,2,Aggregation,Octagonal,mediana,40,240 Seg,13
5,2,Aggregation,Octagonal,mediana,40,240 Seg,13
5,2,Aggregation,Octagonal,mediana,40,240 Seg,13
5,2,Aggregation,Octagonal,mediana,40,240 Seg,13
5,2,Aggregation,Octagonal,mediana,40,240 Seg,13
5,2,Aggregation,Octagonal,mediana,40,240 Seg,13
5,2,Aggregation,Octagonal,mediana,40,240 Seg,13
5,2,Aggregation,Octagonal,mediana,40,240 Seg,13
6,2,Aggregation,Octagonal,mediana,50,240 Seg,15
6,2,Aggregation,Octagonal,mediana,50,240 Seg,15
6,2,Aggregation,Octagonal,mediana,50,240 Seg,15
6,2,Aggregation,Octagonal,mediana,50,240 Seg,15
6,2,Aggregation,Octagonal,mediana,50,240 Seg,15
6,2,Aggregation,Octagonal,mediana,50,240 Seg,15
6,2,Aggregation,Octagonal,mediana,50,240 Seg,15
6,2,Aggregation,Octagonal,mediana,50,240 Seg,15
6,2,Aggregation,Octagonal,mediana,50,240 Seg,15
6,2,Aggregation,Octagonal,mediana,50,240 Seg,15
7,2,Aggregation,Octagonal,mediana,60,240 Seg,16
7,2,Aggregation,Octagonal,mediana,60,240 Seg,16
7,2,Aggregation,Octagonal,mediana,60,240 Seg,16
7,2,Aggregation,Octagonal,mediana,60,240 Seg,16
7,2,Aggregation,Octagonal,mediana,60,240 Seg,16
7,2,Aggregation,Octagonal,mediana,60,240 Seg,16
7,2,Aggregation,Octagonal,mediana,60,240 Seg,16
7,2,Aggregation,Octagonal,mediana,60,240 Seg,16
7,2,Aggregation,Octagonal,mediana,60,240 Seg,16
7,2,Aggregation,Octagonal,mediana,60,240 Seg,16
8,2,Aggregation,Octagonal,mediana,70,240 Seg,16
8,2,Aggregation,Octagonal,mediana,70,240 Seg,16
8,2,Aggregation,Octagonal,mediana,70,240 Seg,16
8,2,Aggregation,Octagonal,mediana,70,240 Seg,16
8,2,Aggregation,Octagonal,mediana,70,240 Seg,16
8,2,Aggregation,Octagonal,mediana,70,240 Seg,16
8,2,Aggregation,Octagonal,mediana,70,240 Seg,16
8,2,Aggregation,Octagonal,mediana,70,240 Seg,16
8,2,Aggregation,Octagonal,mediana,70,240 Seg,16
8,2,Aggregation,Octagonal,mediana,70,240 Seg,16
9,2,Aggregation,Octagonal,mediana,80,240 Seg,18
9,2,Aggregation,Octagonal,mediana,80,240 Seg,18
9,2,Aggregation,Octagonal,mediana,80,240 Seg,18
9,2,Aggregation,Octagonal,mediana,80,240 Seg,18
9,2,Aggregation,Octagonal,mediana,80,240 Seg,18
9,2,Aggregation,Octagonal,mediana,80,240 Seg,18
9,2,Aggregation,Octagonal,mediana,80,240 Seg,18
9,2,Aggregation,Octagonal,mediana,80,240 Seg,18
9,2,Aggregation,Octagonal,mediana,80,240 Seg,18
9,2,Aggregation,Octagonal,mediana,80,240 Seg,18
10,2,Aggregation,Octagonal,mediana,90,240 Seg,23
10,2,Aggregation,Octagonal,mediana,90,240 Seg,23
10,2,Aggregation,Octagonal,mediana,90,240 Seg,23
10,2,Aggregation,Octagonal,mediana,90,240 Seg,23
10,2,Aggregation,Octagonal,mediana,90,240 Seg,23
10,2,Aggregation,Octagonal,mediana,90,240 Seg,23
10,2,Aggregation,Octagonal,mediana,90,240 Seg,23
10,2,Aggregation,Octagonal,mediana,90,240 Seg,23
10,2,Aggregation,Octagonal,mediana,90,240 Seg,23
10,2,Aggregation,Octagonal,mediana,90,240 Seg,23
11,2,Aggregation,Octagonal,mediana,100,240 Seg,24
11,2,Aggregation,Octagonal,mediana,100,240 Seg,24
11,2,Aggregation,Octagonal,mediana,100,240 Seg,24
11,2,Aggregation,Octagonal,mediana,100,240 Seg,24
11,2,Aggregation,Octagonal,mediana,100,240 Seg,24
11,2,Aggregation,Octagonal,mediana,100,240 Seg,24
11,2,Aggregation,Octagonal,mediana,100,240 Seg,24
11,2,Aggregation,Octagonal,mediana,100,240 Seg,24
11,2,Aggregation,Octagonal,mediana,100,240 Seg,24
11,2,Aggregation,Octagonal,mediana,100,240 Seg,24
1,2,Aggregation,Octagonal,grande,5,240 Seg,3
1,2,Aggregation,Octagonal,grande,5,240 Seg,3
1,2,Aggregation,Octagonal,grande,5,240 Seg,3
1,2,Aggregation,Octagonal,grande,5,240 Seg,3
1,2,Aggregation,Octagonal,grande,5,240 Seg,3
1,2,Aggregation,Octagonal,grande,5,240 Seg,3
1,2,Aggregation,Octagonal,grande,5,240 Seg,3
1,2,Aggregation,Octagonal,grande,5,240 Seg,3
1,2,Aggregation,Octagonal,grande,5,240 Seg,3
1,2,Aggregation,Octagonal,grande,5,240 Seg,3
2,2,Aggregation,Octagonal,grande,10,240 Seg,5
2,2,Aggregation,Octagonal,grande,10,240 Seg,5
2,2,Aggregation,Octagonal,grande,10,240 Seg,5
2,2,Aggregation,Octagonal,grande,10,240 Seg,5
2,2,Aggregation,Octagonal,grande,10,240 Seg,5
2,2,Aggregation,Octagonal,grande,10,240 Seg,5
2,2,Aggregation,Octagonal,grande,10,240 Seg,5
2,2,Aggregation,Octagonal,grande,10,240 Seg,5
2,2,Aggregation,Octagonal,grande,10,240 Seg,5
2,2,Aggregation,Octagonal,grande,10,240 Seg,5
3,2,Aggregation,Octagonal,grande,20,240 Seg,8
3,2,Aggregation,Octagonal,grande,20,240 Seg,8
3,2,Aggregation,Octagonal,grande,20,240 Seg,8
3,2,Aggregation,Octagonal,grande,20,240 Seg,8
3,2,Aggregation,Octagonal,grande,20,240 Seg,8
3,2,Aggregation,Octagonal,grande,20,240 Seg,8
3,2,Aggregation,Octagonal,grande,20,240 Seg,8
3,2,Aggregation,Octagonal,grande,20,240 Seg,8
3,2,Aggregation,Octagonal,grande,20,240 Seg,8
3,2,Aggregation,Octagonal,grande,20,240 Seg,8
4,2,Aggregation,Octagonal,grande,30,240 Seg,5
4,2,Aggregation,Octagonal,grande,30,240 Seg,5
4,2,Aggregation,Octagonal,grande,30,240 Seg,5
4,2,Aggregation,Octagonal,grande,30,240 Seg,5
4,2,Aggregation,Octagonal,grande,30,240 Seg,5
4,2,Aggregation,Octagonal,grande,30,240 Seg,5
4,2,Aggregation,Octagonal,grande,30,240 Seg,5
4,2,Aggregation,Octagonal,grande,30,240 Seg,5
4,2,Aggregation,Octagonal,grande,30,240 Seg,5
4,2,Aggregation,Octagonal,grande,30,240 Seg,5
5,2,Aggregation,Octagonal,grande,40,240 Seg,10
5,2,Aggregation,Octagonal,grande,40,240 Seg,10
5,2,Aggregation,Octagonal,grande,40,240 Seg,10
5,2,Aggregation,Octagonal,grande,40,240 Seg,10
5,2,Aggregation,Octagonal,grande,40,240 Seg,10
5,2,Aggregation,Octagonal,grande,40,240 Seg,10
5,2,Aggregation,Octagonal,grande,40,240 Seg,10
5,2,Aggregation,Octagonal,grande,40,240 Seg,10
5,2,Aggregation,Octagonal,grande,40,240 Seg,10
5,2,Aggregation,Octagonal,grande,40,240 Seg,10
6,2,Aggregation,Octagonal,grande,50,240 Seg,13
6,2,Aggregation,Octagonal,grande,50,240 Seg,13
6,2,Aggregation,Octagonal,grande,50,240 Seg,13
6,2,Aggregation,Octagonal,grande,50,240 Seg,13
6,2,Aggregation,Octagonal,grande,50,240 Seg,13
6,2,Aggregation,Octagonal,grande,50,240 Seg,13
6,2,Aggregation,Octagonal,grande,50,240 Seg,13
6,2,Aggregation,Octagonal,grande,50,240 Seg,13
6,2,Aggregation,Octagonal,grande,50,240 Seg,13
6,2,Aggregation,Octagonal,grande,50,240 Seg,13
7,2,Aggregation,Octagonal,grande,60,240 Seg,12
7,2,Aggregation,Octagonal,grande,60,240 Seg,12
7,2,Aggregation,Octagonal,grande,60,240 Seg,12
7,2,Aggregation,Octagonal,grande,60,240 Seg,12
7,2,Aggregation,Octagonal,grande,60,240 Seg,12
7,2,Aggregation,Octagonal,grande,60,240 Seg,12
7,2,Aggregation,Octagonal,grande,60,240 Seg,12
7,2,Aggregation,Octagonal,grande,60,240 Seg,12
7,2,Aggregation,Octagonal,grande,60,240 Seg,12
7,2,Aggregation,Octagonal,grande,60,240 Seg,12
8,2,Aggregation,Octagonal,grande,70,240 Seg,14
8,2,Aggregation,Octagonal,grande,70,240 Seg,14
8,2,Aggregation,Octagonal,grande,70,240 Seg,14
8,2,Aggregation,Octagonal,grande,70,240 Seg,14
8,2,Aggregation,Octagonal,grande,70,240 Seg,14
8,2,Aggregation,Octagonal,grande,70,240 Seg,14
8,2,Aggregation,Octagonal,grande,70,240 Seg,14
8,2,Aggregation,Octagonal,grande,70,240 Seg,14
8,2,Aggregation,Octagonal,grande,70,240 Seg,14
8,2,Aggregation,Octagonal,grande,70,240 Seg,14
9,2,Aggregation,Octagonal,grande,80,240 Seg,14
9,2,Aggregation,Octagonal,grande,80,240 Seg,14
9,2,Aggregation,Octagonal,grande,80,240 Seg,14
9,2,Aggregation,Octagonal,grande,80,240 Seg,14
9,2,Aggregation,Octagonal,grande,80,240 Seg,14
9,2,Aggregation,Octagonal,grande,80,240 Seg,14
9,2,Aggregation,Octagonal,grande,80,240 Seg,14
9,2,Aggregation,Octagonal,grande,80,240 Seg,14
9,2,Aggregation,Octagonal,grande,80,240 Seg,14
9,2,Aggregation,Octagonal,grande,80,240 Seg,14
10,2,Aggregation,Octagonal,grande,90,240 Seg,18
10,2,Aggregation,Octagonal,grande,90,240 Seg,18
10,2,Aggregation,Octagonal,grande,90,240 Seg,18
10,2,Aggregation,Octagonal,grande,90,240 Seg,18
10,2,Aggregation,Octagonal,grande,90,240 Seg,18
10,2,Aggregation,Octagonal,grande,90,240 Seg,18
10,2,Aggregation,Octagonal,grande,90,240 Seg,18
10,2,Aggregation,Octagonal,grande,90,240 Seg,18
10,2,Aggregation,Octagonal,grande,90,240 Seg,18
10,2,Aggregation,Octagonal,grande,90,240 Seg,18
11,2,Aggregation,Octagonal,grande,100,240 Seg,17
11,2,Aggregation,Octagonal,grande,100,240 Seg,17
11,2,Aggregation,Octagonal,grande,100,240 Seg,17
11,2,Aggregation,Octagonal,grande,100,240 Seg,17
11,2,Aggregation,Octagonal,grande,100,240 Seg,17
11,2,Aggregation,Octagonal,grande,100,240 Seg,17
11,2,Aggregation,Octagonal,grande,100,240 Seg,17
11,2,Aggregation,Octagonal,grande,100,240 Seg,17
11,2,Aggregation,Octagonal,grande,100,240 Seg,17
11,2,Aggregation,Octagonal,grande,100,240 Seg,17
1,2,Aggregation,Dodecagono,pequena,5,240 Seg,4
1,2,Aggregation,Dodecagono,pequena,5,240 Seg,4
1,2,Aggregation,Dodecagono,pequena,5,240 Seg,4
1,2,Aggregation,Dodecagono,pequena,5,240 Seg,4
1,2,Aggregation,Dodecagono,pequena,5,240 Seg,4
1,2,Aggregation,Dodecagono,pequena,5,240 Seg,4
1,2,Aggregation,Dodecagono,pequena,5,240 Seg,4
1,2,Aggregation,Dodecagono,pequena,5,240 Seg,4
1,2,Aggregation,Dodecagono,pequena,5,240 Seg,4
1,2,Aggregation,Dodecagono,pequena,5,240 Seg,4
2,2,Aggregation,Dodecagono,pequena,10,240 Seg,8
2,2,Aggregation,Dodecagono,pequena,10,240 Seg,8
2,2,Aggregation,Dodecagono,pequena,10,240 Seg,8
2,2,Aggregation,Dodecagono,pequena,10,240 Seg,8
2,2,Aggregation,Dodecagono,pequena,10,240 Seg,8
2,2,Aggregation,Dodecagono,pequena,10,240 Seg,8
2,2,Aggregation,Dodecagono,pequena,10,240 Seg,8
2,2,Aggregation,Dodecagono,pequena,10,240 Seg,8
2,2,Aggregation,Dodecagono,pequena,10,240 Seg,8
2,2,Aggregation,Dodecagono,pequena,10,240 Seg,8
3,2,Aggregation,Dodecagono,pequena,20,240 Seg,15
3,2,Aggregation,Dodecagono,pequena,20,240 Seg,15
3,2,Aggregation,Dodecagono,pequena,20,240 Seg,15
3,2,Aggregation,Dodecagono,pequena,20,240 Seg,15
3,2,Aggregation,Dodecagono,pequena,20,240 Seg,15
3,2,Aggregation,Dodecagono,pequena,20,240 Seg,15
3,2,Aggregation,Dodecagono,pequena,20,240 Seg,15
3,2,Aggregation,Dodecagono,pequena,20,240 Seg,15
3,2,Aggregation,Dodecagono,pequena,20,240 Seg,15
3,2,Aggregation,Dodecagono,pequena,20,240 Seg,15
4,2,Aggregation,Dodecagono,pequena,30,240 Seg,21
4,2,Aggregation,Dodecagono,pequena,30,240 Seg,21
4,2,Aggregation,Dodecagono,pequena,30,240 Seg,21
4,2,Aggregation,Dodecagono,pequena,30,240 Seg,21
4,2,Aggregation,Dodecagono,pequena,30,240 Seg,21
4,2,Aggregation,Dodecagono,pequena,30,240 Seg,21
4,2,Aggregation,Dodecagono,pequena,30,240 Seg,21
4,2,Aggregation,Dodecagono,pequena,30,240 Seg,21
4,2,Aggregation,Dodecagono,pequena,30,240 Seg,21
4,2,Aggregation,Dodecagono,pequena,30,240 Seg,21
5,2,Aggregation,Dodecagono,pequena,40,240 Seg,23
5,2,Aggregation,Dodecagono,pequena,40,240 Seg,23
5,2,Aggregation,Dodecagono,pequena,40,240 Seg,23
5,2,Aggregation,Dodecagono,pequena,40,240 Seg,23
5,2,Aggregation,Dodecagono,pequena,40,240 Seg,23
5,2,Aggregation,Dodecagono,pequena,40,240 Seg,23
5,2,Aggregation,Dodecagono,pequena,40,240 Seg,23
5,2,Aggregation,Dodecagono,pequena,40,240 Seg,23
5,2,Aggregation,Dodecagono,pequena,40,240 Seg,23
5,2,Aggregation,Dodecagono,pequena,40,240 Seg,23
6,2,Aggregation,Dodecagono,pequena,50,240 Seg,30
6,2,Aggregation,Dodecagono,pequena,50,240 Seg,30
6,2,Aggregation,Dodecagono,pequena,50,240 Seg,30
6,2,Aggregation,Dodecagono,pequena,50,240 Seg,30
6,2,Aggregation,Dodecagono,pequena,50,240 Seg,30
6,2,Aggregation,Dodecagono,pequena,50,240 Seg,30
6,2,Aggregation,Dodecagono,pequena,50,240 Seg,30
6,2,Aggregation,Dodecagono,pequena,50,240 Seg,30
6,2,Aggregation,Dodecagono,pequena,50,240 Seg,30
6,2,Aggregation,Dodecagono,pequena,50,240 Seg,30
7,2,Aggregation,Dodecagono,pequena,60,240 Seg,31
7,2,Aggregation,Dodecagono,pequena,60,240 Seg,31
7,2,Aggregation,Dodecagono,pequena,60,240 Seg,31
7,2,Aggregation,Dodecagono,pequena,60,240 Seg,31
7,2,Aggregation,Dodecagono,pequena,60,240 Seg,31
7,2,Aggregation,Dodecagono,pequena,60,240 Seg,31
7,2,Aggregation,Dodecagono,pequena,60,240 Seg,31
7,2,Aggregation,Dodecagono,pequena,60,240 Seg,31
7,2,Aggregation,Dodecagono,pequena,60,240 Seg,31
7,2,Aggregation,Dodecagono,pequena,60,240 Seg,31
8,2,Aggregation,Dodecagono,pequena,70,240 Seg,34
8,2,Aggregation,Dodecagono,pequena,70,240 Seg,34
8,2,Aggregation,Dodecagono,pequena,70,240 Seg,34
8,2,Aggregation,Dodecagono,pequena,70,240 Seg,34
8,2,Aggregation,Dodecagono,pequena,70,240 Seg,34
8,2,Aggregation,Dodecagono,pequena,70,240 Seg,34
8,2,Aggregation,Dodecagono,pequena,70,240 Seg,34
8,2,Aggregation,Dodecagono,pequena,70,240 Seg,34
8,2,Aggregation,Dodecagono,pequena,70,240 Seg,34
8,2,Aggregation,Dodecagono,pequena,70,240 Seg,34
9,2,Aggregation,Dodecagono,pequena,80,240 Seg,44
9,2,Aggregation,Dodecagono,pequena,80,240 Seg,44
9,2,Aggregation,Dodecagono,pequena,80,240 Seg,44
9,2,Aggregation,Dodecagono,pequena,80,240 Seg,44
9,2,Aggregation,Dodecagono,pequena,80,240 Seg,44
9,2,Aggregation,Dodecagono,pequena,80,240 Seg,44
9,2,Aggregation,Dodecagono,pequena,80,240 Seg,44
9,2,Aggregation,Dodecagono,pequena,80,240 Seg,44
9,2,Aggregation,Dodecagono,pequena,80,240 Seg,44
9,2,Aggregation,Dodecagono,pequena,80,240 Seg,44
10,2,Aggregation,Dodecagono,pequena,90,240 Seg,37
10,2,Aggregation,Dodecagono,pequena,90,240 Seg,37
10,2,Aggregation,Dodecagono,pequena,90,240 Seg,37
10,2,Aggregation,Dodecagono,pequena,90,240 Seg,37
10,2,Aggregation,Dodecagono,pequena,90,240 Seg,37
10,2,Aggregation,Dodecagono,pequena,90,240 Seg,37
10,2,Aggregation,Dodecagono,pequena,90,240 Seg,37
10,2,Aggregation,Dodecagono,pequena,90,240 Seg,37
10,2,Aggregation,Dodecagono,pequena,90,240 Seg,37
10,2,Aggregation,Dodecagono,pequena,90,240 Seg,37
1,2,Aggregation,Dodecagono,mediana,5,240 Seg,2
1,2,Aggregation,Dodecagono,mediana,5,240 Seg,2
1,2,Aggregation,Dodecagono,mediana,5,240 Seg,2
1,2,Aggregation,Dodecagono,mediana,5,240 Seg,2
1,2,Aggregation,Dodecagono,mediana,5,240 Seg,2
1,2,Aggregation,Dodecagono,mediana,5,240 Seg,2
1,2,Aggregation,Dodecagono,mediana,5,240 Seg,2
1,2,Aggregation,Dodecagono,mediana,5,240 Seg,2
1,2,Aggregation,Dodecagono,mediana,5,240 Seg,2
1,2,Aggregation,Dodecagono,mediana,5,240 Seg,2
2,2,Aggregation,Dodecagono,mediana,10,240 Seg,4
2,2,Aggregation,Dodecagono,mediana,10,240 Seg,4
2,2,Aggregation,Dodecagono,mediana,10,240 Seg,4
2,2,Aggregation,Dodecagono,mediana,10,240 Seg,4
2,2,Aggregation,Dodecagono,mediana,10,240 Seg,4
2,2,Aggregation,Dodecagono,mediana,10,240 Seg,4
2,2,Aggregation,Dodecagono,mediana,10,240 Seg,4
2,2,Aggregation,Dodecagono,mediana,10,240 Seg,4
2,2,Aggregation,Dodecagono,mediana,10,240 Seg,4
2,2,Aggregation,Dodecagono,mediana,10,240 Seg,4
3,2,Aggregation,Dodecagono,mediana,20,240 Seg,11
3,2,Aggregation,Dodecagono,mediana,20,240 Seg,11
3,2,Aggregation,Dodecagono,mediana,20,240 Seg,11
3,2,Aggregation,Dodecagono,mediana,20,240 Seg,11
3,2,Aggregation,Dodecagono,mediana,20,240 Seg,11
3,2,Aggregation,Dodecagono,mediana,20,240 Seg,11
3,2,Aggregation,Dodecagono,mediana,20,240 Seg,11
3,2,Aggregation,Dodecagono,mediana,20,240 Seg,11
3,2,Aggregation,Dodecagono,mediana,20,240 Seg,11
3,2,Aggregation,Dodecagono,mediana,20,240 Seg,11
4,2,Aggregation,Dodecagono,mediana,30,240 Seg,11
4,2,Aggregation,Dodecagono,mediana,30,240 Seg,11
4,2,Aggregation,Dodecagono,mediana,30,240 Seg,11
4,2,Aggregation,Dodecagono,mediana,30,240 Seg,11
4,2,Aggregation,Dodecagono,mediana,30,240 Seg,11
4,2,Aggregation,Dodecagono,mediana,30,240 Seg,11
4,2,Aggregation,Dodecagono,mediana,30,240 Seg,11
4,2,Aggregation,Dodecagono,mediana,30,240 Seg,11
4,2,Aggregation,Dodecagono,mediana,30,240 Seg,11
4,2,Aggregation,Dodecagono,mediana,30,240 Seg,11
5,2,Aggregation,Dodecagono,mediana,40,240 Seg,13
5,2,Aggregation,Dodecagono,mediana,40,240 Seg,13
5,2,Aggregation,Dodecagono,mediana,40,240 Seg,13
5,2,Aggregation,Dodecagono,mediana,40,240 Seg,13
5,2,Aggregation,Dodecagono,mediana,40,240 Seg,13
5,2,Aggregation,Dodecagono,mediana,40,240 Seg,13
5,2,Aggregation,Dodecagono,mediana,40,240 Seg,13
5,2,Aggregation,Dodecagono,mediana,40,240 Seg,13
5,2,Aggregation,Dodecagono,mediana,40,240 Seg,13
5,2,Aggregation,Dodecagono,mediana,40,240 Seg,13
6,2,Aggregation,Dodecagono,mediana,50,240 Seg,15
6,2,Aggregation,Dodecagono,mediana,50,240 Seg,15
6,2,Aggregation,Dodecagono,mediana,50,240 Seg,15
6,2,Aggregation,Dodecagono,mediana,50,240 Seg,15
6,2,Aggregation,Dodecagono,mediana,50,240 Seg,15
6,2,Aggregation,Dodecagono,mediana,50,240 Seg,15
6,2,Aggregation,Dodecagono,mediana,50,240 Seg,15
6,2,Aggregation,Dodecagono,mediana,50,240 Seg,15
6,2,Aggregation,Dodecagono,mediana,50,240 Seg,15
6,2,Aggregation,Dodecagono,mediana,50,240 Seg,15
7,2,Aggregation,Dodecagono,mediana,60,240 Seg,16
7,2,Aggregation,Dodecagono,mediana,60,240 Seg,16
7,2,Aggregation,Dodecagono,mediana,60,240 Seg,16
7,2,Aggregation,Dodecagono,mediana,60,240 Seg,16
7,2,Aggregation,Dodecagono,mediana,60,240 Seg,16
7,2,Aggregation,Dodecagono,mediana,60,240 Seg,16
7,2,Aggregation,Dodecagono,mediana,60,240 Seg,16
7,2,Aggregation,Dodecagono,mediana,60,240 Seg,16
7,2,Aggregation,Dodecagono,mediana,60,240 Seg,16
7,2,Aggregation,Dodecagono,mediana,60,240 Seg,16
8,2,Aggregation,Dodecagono,mediana,70,240 Seg,19
8,2,Aggregation,Dodecagono,mediana,70,240 Seg,19
8,2,Aggregation,Dodecagono,mediana,70,240 Seg,19
8,2,Aggregation,Dodecagono,mediana,70,240 Seg,19
8,2,Aggregation,Dodecagono,mediana,70,240 Seg,19
8,2,Aggregation,Dodecagono,mediana,70,240 Seg,19
8,2,Aggregation,Dodecagono,mediana,70,240 Seg,19
8,2,Aggregation,Dodecagono,mediana,70,240 Seg,19
8,2,Aggregation,Dodecagono,mediana,70,240 Seg,19
8,2,Aggregation,Dodecagono,mediana,70,240 Seg,19
9,2,Aggregation,Dodecagono,mediana,80,240 Seg,20
9,2,Aggregation,Dodecagono,mediana,80,240 Seg,20
9,2,Aggregation,Dodecagono,mediana,80,240 Seg,20
9,2,Aggregation,Dodecagono,mediana,80,240 Seg,20
9,2,Aggregation,Dodecagono,mediana,80,240 Seg,20
9,2,Aggregation,Dodecagono,mediana,80,240 Seg,20
9,2,Aggregation,Dodecagono,mediana,80,240 Seg,20
9,2,Aggregation,Dodecagono,mediana,80,240 Seg,20
9,2,Aggregation,Dodecagono,mediana,80,240 Seg,20
9,2,Aggregation,Dodecagono,mediana,80,240 Seg,20
10,2,Aggregation,Dodecagono,mediana,90,240 Seg,14
10,2,Aggregation,Dodecagono,mediana,90,240 Seg,14
10,2,Aggregation,Dodecagono,mediana,90,240 Seg,14
10,2,Aggregation,Dodecagono,mediana,90,240 Seg,14
10,2,Aggregation,Dodecagono,mediana,90,240 Seg,14
10,2,Aggregation,Dodecagono,mediana,90,240 Seg,14
10,2,Aggregation,Dodecagono,mediana,90,240 Seg,14
10,2,Aggregation,Dodecagono,mediana,90,240 Seg,14
10,2,Aggregation,Dodecagono,mediana,90,240 Seg,14
10,2,Aggregation,Dodecagono,mediana,90,240 Seg,14
11,2,Aggregation,Dodecagono,mediana,100,240 Seg,17
11,2,Aggregation,Dodecagono,mediana,100,240 Seg,17
11,2,Aggregation,Dodecagono,mediana,100,240 Seg,17
11,2,Aggregation,Dodecagono,mediana,100,240 Seg,17
11,2,Aggregation,Dodecagono,mediana,100,240 Seg,17
11,2,Aggregation,Dodecagono,mediana,100,240 Seg,17
11,2,Aggregation,Dodecagono,mediana,100,240 Seg,17
11,2,Aggregation,Dodecagono,mediana,100,240 Seg,17
11,2,Aggregation,Dodecagono,mediana,100,240 Seg,17
11,2,Aggregation,Dodecagono,mediana,100,240 Seg,17
1,2,Aggregation,Dodecagono,grande,5,240 Seg,2
1,2,Aggregation,Dodecagono,grande,5,240 Seg,2
1,2,Aggregation,Dodecagono,grande,5,240 Seg,2
1,2,Aggregation,Dodecagono,grande,5,240 Seg,2
1,2,Aggregation,Dodecagono,grande,5,240 Seg,2
1,2,Aggregation,Dodecagono,grande,5,240 Seg,2
1,2,Aggregation,Dodecagono,grande,5,240 Seg,2
1,2,Aggregation,Dodecagono,grande,5,240 Seg,2
1,2,Aggregation,Dodecagono,grande,5,240 Seg,2
1,2,Aggregation,Dodecagono,grande,5,240 Seg,2
2,2,Aggregation,Dodecagono,grande,10,240 Seg,0
2,2,Aggregation,Dodecagono,grande,10,240 Seg,0
2,2,Aggregation,Dodecagono,grande,10,240 Seg,0
2,2,Aggregation,Dodecagono,grande,10,240 Seg,0
2,2,Aggregation,Dodecagono,grande,10,240 Seg,0
2,2,Aggregation,Dodecagono,grande,10,240 Seg,0
2,2,Aggregation,Dodecagono,grande,10,240 Seg,0
2,2,Aggregation,Dodecagono,grande,10,240 Seg,0
2,2,Aggregation,Dodecagono,grande,10,240 Seg,0
2,2,Aggregation,Dodecagono,grande,10,240 Seg,0
3,2,Aggregation,Dodecagono,grande,20,240 Seg,5
3,2,Aggregation,Dodecagono,grande,20,240 Seg,5
3,2,Aggregation,Dodecagono,grande,20,240 Seg,5
3,2,Aggregation,Dodecagono,grande,20,240 Seg,5
3,2,Aggregation,Dodecagono,grande,20,240 Seg,5
3,2,Aggregation,Dodecagono,grande,20,240 Seg,5
3,2,Aggregation,Dodecagono,grande,20,240 Seg,5
3,2,Aggregation,Dodecagono,grande,20,240 Seg,5
3,2,Aggregation,Dodecagono,grande,20,240 Seg,5
3,2,Aggregation,Dodecagono,grande,20,240 Seg,5
4,2,Aggregation,Dodecagono,grande,30,240 Seg,10
4,2,Aggregation,Dodecagono,grande,30,240 Seg,10
4,2,Aggregation,Dodecagono,grande,30,240 Seg,10
4,2,Aggregation,Dodecagono,grande,30,240 Seg,10
4,2,Aggregation,Dodecagono,grande,30,240 Seg,10
4,2,Aggregation,Dodecagono,grande,30,240 Seg,10
4,2,Aggregation,Dodecagono,grande,30,240 Seg,10
4,2,Aggregation,Dodecagono,grande,30,240 Seg,10
4,2,Aggregation,Dodecagono,grande,30,240 Seg,10
4,2,Aggregation,Dodecagono,grande,30,240 Seg,10
5,2,Aggregation,Dodecagono,grande,40,240 Seg,10
5,2,Aggregation,Dodecagono,grande,40,240 Seg,10
5,2,Aggregation,Dodecagono,grande,40,240 Seg,10
5,2,Aggregation,Dodecagono,grande,40,240 Seg,10
5,2,Aggregation,Dodecagono,grande,40,240 Seg,10
5,2,Aggregation,Dodecagono,grande,40,240 Seg,10
5,2,Aggregation,Dodecagono,grande,40,240 Seg,10
5,2,Aggregation,Dodecagono,grande,40,240 Seg,10
5,2,Aggregation,Dodecagono,grande,40,240 Seg,10
5,2,Aggregation,Dodecagono,grande,40,240 Seg,10
6,2,Aggregation,Dodecagono,grande,50,240 Seg,9
6,2,Aggregation,Dodecagono,grande,50,240 Seg,9
6,2,Aggregation,Dodecagono,grande,50,240 Seg,9
6,2,Aggregation,Dodecagono,grande,50,240 Seg,9
6,2,Aggregation,Dodecagono,grande,50,240 Seg,9
6,2,Aggregation,Dodecagono,grande,50,240 Seg,9
6,2,Aggregation,Dodecagono,grande,50,240 Seg,9
6,2,Aggregation,Dodecagono,grande,50,240 Seg,9
6,2,Aggregation,Dodecagono,grande,50,240 Seg,9
6,2,Aggregation,Dodecagono,grande,50,240 Seg,9
7,2,Aggregation,Dodecagono,grande,60,240 Seg,12
7,2,Aggregation,Dodecagono,grande,60,240 Seg,12
7,2,Aggregation,Dodecagono,grande,60,240 Seg,12
7,2,Aggregation,Dodecagono,grande,60,240 Seg,12
7,2,Aggregation,Dodecagono,grande,60,240 Seg,12
7,2,Aggregation,Dodecagono,grande,60,240 Seg,12
7,2,Aggregation,Dodecagono,grande,60,240 Seg,12
7,2,Aggregation,Dodecagono,grande,60,240 Seg,12
7,2,Aggregation,Dodecagono,grande,60,240 Seg,12
7,2,Aggregation,Dodecagono,grande,60,240 Seg,12
8,2,Aggregation,Dodecagono,grande,70,240 Seg,12
8,2,Aggregation,Dodecagono,grande,70,240 Seg,12
8,2,Aggregation,Dodecagono,grande,70,240 Seg,12
8,2,Aggregation,Dodecagono,grande,70,240 Seg,12
8,2,Aggregation,Dodecagono,grande,70,240 Seg,12
8,2,Aggregation,Dodecagono,grande,70,240 Seg,12
8,2,Aggregation,Dodecagono,grande,70,240 Seg,12
8,2,Aggregation,Dodecagono,grande,70,240 Seg,12
8,2,Aggregation,Dodecagono,grande,70,240 Seg,12
8,2,Aggregation,Dodecagono,grande,70,240 Seg,12
9,2,Aggregation,Dodecagono,grande,80,240 Seg,13
9,2,Aggregation,Dodecagono,grande,80,240 Seg,13
9,2,Aggregation,Dodecagono,grande,80,240 Seg,13
9,2,Aggregation,Dodecagono,grande,80,240 Seg,13
9,2,Aggregation,Dodecagono,grande,80,240 Seg,13
9,2,Aggregation,Dodecagono,grande,80,240 Seg,13
9,2,Aggregation,Dodecagono,grande,80,240 Seg,13
9,2,Aggregation,Dodecagono,grande,80,240 Seg,13
9,2,Aggregation,Dodecagono,grande,80,240 Seg,13
9,2,Aggregation,Dodecagono,grande,80,240 Seg,13
10,2,Aggregation,Dodecagono,grande,90,240 Seg,14
10,2,Aggregation,Dodecagono,grande,90,240 Seg,14
10,2,Aggregation,Dodecagono,grande,90,240 Seg,14
10,2,Aggregation,Dodecagono,grande,90,240 Seg,14
10,2,Aggregation,Dodecagono,grande,90,240 Seg,14
10,2,Aggregation,Dodecagono,grande,90,240 Seg,14
10,2,Aggregation,Dodecagono,grande,90,240 Seg,14
10,2,Aggregation,Dodecagono,grande,90,240 Seg,14
10,2,Aggregation,Dodecagono,grande,90,240 Seg,14
10,2,Aggregation,Dodecagono,grande,90,240 Seg,14
11,2,Aggregation,Dodecagono,grande,100,240 Seg,19
11,2,Aggregation,Dodecagono,grande,100,240 Seg,19
11,2,Aggregation,Dodecagono,grande,100,240 Seg,19
11,2,Aggregation,Dodecagono,grande,100,240 Seg,19
11,2,Aggregation,Dodecagono,grande,100,240 Seg,19
11,2,Aggregation,Dodecagono,grande,100,240 Seg,19
11,2,Aggregation,Dodecagono,grande,100,240 Seg,19
11,2,Aggregation,Dodecagono,grande,100,240 Seg,19
11,2,Aggregation,Dodecagono,grande,100,240 Seg,19
11,2,Aggregation,Dodecagono,grande,100,240 Seg,19

